RA,dec,flux,v_mag,b-v,is_vsx_variable,vsx_name,v_mag_cal,fit_model,fit_flux_low,fit_flux_high,fit_m0,fit_slope,fit_linear_intercept,fit_seed_density,fit_n_refstars
228.46726563860125,55.99586298180468,12493.923468167242,,,False,,nan,inverse_logistic_from_flux_numeric,13447.628069738197,1418562.313621601,10.00563742015651,1.0726093133481458,nan,1.0,303.0
228.61990551839585,55.892829946240155,12230.816070110202,,,False,,nan,inverse_logistic_from_flux_numeric,13447.628069738197,1418562.313621601,10.00563742015651,1.0726093133481458,nan,1.0,303.0
228.01117498227714,56.300806164457285,12618.44875181854,,,False,,nan,inverse_logistic_from_flux_numeric,13447.628069738197,1418562.313621601,10.00563742015651,1.0726093133481458,nan,1.0,303.0
228.70758825802406,55.83355044175821,11842.878634789702,,,False,,nan,inverse_logistic_from_flux_numeric,13447.628069738197,1418562.313621601,10.00563742015651,1.0726093133481458,nan,1.0,303.0
228.83931271555906,55.75111038031638,11869.771807085486,,,False,,nan,inverse_logistic_from_flux_numeric,13447.628069738197,1418562.313621601,10.00563742015651,1.0726093133481458,nan,1.0,303.0
228.61291432935158,55.9061876053295,16226.713258853077,15.86,0.716,False,,15.808097392485237,inverse_logistic_from_flux_numeric,13447.628069738197,1418562.313621601,10.00563742015651,1.0726093133481458,nan,1.0,303.0
228.5786782455874,55.93101611795899,11911.25870071793,,,False,,nan,inverse_logistic_from_flux_numeric,13447.628069738197,1418562.313621601,10.00563742015651,1.0726093133481458,nan,1.0,303.0
228.5744918139922,55.933562462978884,12270.685155487146,,,False,,nan,inverse_logistic_from_flux_numeric,13447.628069738197,1418562.313621601,10.00563742015651,1.0726093133481458,nan,1.0,303.0
228.57216370821965,55.93560560023827,12324.70509180243,,,False,,nan,inverse_logistic_from_flux_numeric,13447.628069738197,1418562.313621601,10.00563742015651,1.0726093133481458,nan,1.0,303.0
228.58519936474036,55.926725560093104,13113.91346282958,,,False,,nan,inverse_logistic_from_flux_numeric,13447.628069738197,1418562.313621601,10.00563742015651,1.0726093133481458,nan,1.0,303.0
228.78590660419616,55.79105416852223,12400.683199647205,,,False,,nan,inverse_logistic_from_flux_numeric,13447.628069738197,1418562.313621601,10.00563742015651,1.0726093133481458,nan,1.0,303.0
228.22145818918676,56.17277314142642,12256.7309399027,,,False,,nan,inverse_logistic_from_flux_numeric,13447.628069738197,1418562.313621601,10.00563742015651,1.0726093133481458,nan,1.0,303.0
228.58348769286226,55.92919465962233,11957.415939072947,,,False,,nan,inverse_logistic_from_flux_numeric,13447.628069738197,1418562.313621601,10.00563742015651,1.0726093133481458,nan,1.0,303.0
228.0452103829873,56.28983783346429,20814.46499838669,14.799,0.495,False,,14.896168430264243,inverse_logistic_from_flux_numeric,13447.628069738197,1418562.313621601,10.00563742015651,1.0726093133481458,nan,1.0,303.0
228.58474056989996,55.92818662196348,12054.575269243034,,,False,,nan,inverse_logistic_from_flux_numeric,13447.628069738197,1418562.313621601,10.00563742015651,1.0726093133481458,nan,1.0,303.0
228.33845220347757,56.0958672939811,14203.922602977203,16.257,0.656,False,,17.022787194120767,inverse_logistic_from_flux_numeric,13447.628069738197,1418562.313621601,10.00563742015651,1.0726093133481458,nan,1.0,303.0
228.21117646515995,56.18108434198695,12253.039944836251,,,False,,nan,inverse_logistic_from_flux_numeric,13447.628069738197,1418562.313621601,10.00563742015651,1.0726093133481458,nan,1.0,303.0
228.2232482700052,56.173074523613884,12700.188562808937,,,False,,nan,inverse_logistic_from_flux_numeric,13447.628069738197,1418562.313621601,10.00563742015651,1.0726093133481458,nan,1.0,303.0
227.99972507537166,56.32219221943074,12738.922587606798,,,False,,nan,inverse_logistic_from_flux_numeric,13447.628069738197,1418562.313621601,10.00563742015651,1.0726093133481458,nan,1.0,303.0
228.21862314954242,56.176666702634826,12197.620097517505,,,False,,nan,inverse_logistic_from_flux_numeric,13447.628069738197,1418562.313621601,10.00563742015651,1.0726093133481458,nan,1.0,303.0
228.22244068303456,56.174025030572594,12145.016708139878,,,False,,nan,inverse_logistic_from_flux_numeric,13447.628069738197,1418562.313621601,10.00563742015651,1.0726093133481458,nan,1.0,303.0
228.67879979339185,55.86873258974554,15198.674945974195,16.005,0.746,False,,16.23942014584548,inverse_logistic_from_flux_numeric,13447.628069738197,1418562.313621601,10.00563742015651,1.0726093133481458,nan,1.0,303.0
228.7467600128959,55.82328228908978,11854.576604609025,,,False,,nan,inverse_logistic_from_flux_numeric,13447.628069738197,1418562.313621601,10.00563742015651,1.0726093133481458,nan,1.0,303.0
227.7607386918116,56.481807741034196,12354.56219573391,,,False,,nan,inverse_logistic_from_flux_numeric,13447.628069738197,1418562.313621601,10.00563742015651,1.0726093133481458,nan,1.0,303.0
228.48034955094352,56.00514517012435,12136.434184611398,,,False,,nan,inverse_logistic_from_flux_numeric,13447.628069738197,1418562.313621601,10.00563742015651,1.0726093133481458,nan,1.0,303.0
227.76005216040699,56.4830249054714,12067.187157220334,,,False,,nan,inverse_logistic_from_flux_numeric,13447.628069738197,1418562.313621601,10.00563742015651,1.0726093133481458,nan,1.0,303.0
227.75785700357545,56.48527738251172,12042.226193913462,,,False,,nan,inverse_logistic_from_flux_numeric,13447.628069738197,1418562.313621601,10.00563742015651,1.0726093133481458,nan,1.0,303.0
227.89196133226437,56.39809175056475,12747.894017631701,,,False,,nan,inverse_logistic_from_flux_numeric,13447.628069738197,1418562.313621601,10.00563742015651,1.0726093133481458,nan,1.0,303.0
228.58772063519856,55.93436103906707,12326.75510183139,,,False,,nan,inverse_logistic_from_flux_numeric,13447.628069738197,1418562.313621601,10.00563742015651,1.0726093133481458,nan,1.0,303.0
228.73027125161354,55.83903259062436,12357.122029595965,,,False,,nan,inverse_logistic_from_flux_numeric,13447.628069738197,1418562.313621601,10.00563742015651,1.0726093133481458,nan,1.0,303.0
228.76931081565078,55.81352519149003,12323.726267931544,,,False,,nan,inverse_logistic_from_flux_numeric,13447.628069738197,1418562.313621601,10.00563742015651,1.0726093133481458,nan,1.0,303.0
228.78210381207234,55.80485478577862,12464.130018830925,,,False,,nan,inverse_logistic_from_flux_numeric,13447.628069738197,1418562.313621601,10.00563742015651,1.0726093133481458,nan,1.0,303.0
228.77712892136967,55.8088141045474,12222.353982145369,,,False,,nan,inverse_logistic_from_flux_numeric,13447.628069738197,1418562.313621601,10.00563742015651,1.0726093133481458,nan,1.0,303.0
228.78132538130652,55.80612691352323,11732.572743396717,,,False,,nan,inverse_logistic_from_flux_numeric,13447.628069738197,1418562.313621601,10.00563742015651,1.0726093133481458,nan,1.0,303.0
228.7674676338425,55.81598030526048,12566.28619608186,,,False,,nan,inverse_logistic_from_flux_numeric,13447.628069738197,1418562.313621601,10.00563742015651,1.0726093133481458,nan,1.0,303.0
228.77650146637475,55.81078296728082,12317.34203289328,,,False,,nan,inverse_logistic_from_flux_numeric,13447.628069738197,1418562.313621601,10.00563742015651,1.0726093133481458,nan,1.0,303.0
228.92799711143377,55.70798257185567,22004.21775982228,14.866,0.668,False,,14.75579594673368,inverse_logistic_from_flux_numeric,13447.628069738197,1418562.313621601,10.00563742015651,1.0726093133481458,nan,1.0,303.0
228.2031987949496,56.19964671978675,12087.235077459922,,,False,,nan,inverse_logistic_from_flux_numeric,13447.628069738197,1418562.313621601,10.00563742015651,1.0726093133481458,nan,1.0,303.0
228.62186686119483,55.918344130143446,12359.548187052502,,,False,,nan,inverse_logistic_from_flux_numeric,13447.628069738197,1418562.313621601,10.00563742015651,1.0726093133481458,nan,1.0,303.0
229.0187656969734,55.64770582097238,11953.228176512723,,,False,,nan,inverse_logistic_from_flux_numeric,13447.628069738197,1418562.313621601,10.00563742015651,1.0726093133481458,nan,1.0,303.0
229.03278871588583,55.637878171069296,12313.855820502744,,,False,,nan,inverse_logistic_from_flux_numeric,13447.628069738197,1418562.313621601,10.00563742015651,1.0726093133481458,nan,1.0,303.0
228.70013090545223,55.86763120117,12373.293508980898,,,False,,nan,inverse_logistic_from_flux_numeric,13447.628069738197,1418562.313621601,10.00563742015651,1.0726093133481458,nan,1.0,303.0
227.96550444307167,56.36196602276971,12137.480650544652,,,False,,nan,inverse_logistic_from_flux_numeric,13447.628069738197,1418562.313621601,10.00563742015651,1.0726093133481458,nan,1.0,303.0
228.57387503873142,55.95048529282946,12412.57120894625,,,False,,nan,inverse_logistic_from_flux_numeric,13447.628069738197,1418562.313621601,10.00563742015651,1.0726093133481458,nan,1.0,303.0
228.20675317182682,56.20564302548129,12162.558946273242,,,False,,nan,inverse_logistic_from_flux_numeric,13447.628069738197,1418562.313621601,10.00563742015651,1.0726093133481458,nan,1.0,303.0
228.32788416035353,56.1250380144591,13763.996565836514,,,False,,17.835605460027715,inverse_logistic_from_flux_numeric,13447.628069738197,1418562.313621601,10.00563742015651,1.0726093133481458,nan,1.0,303.0
228.7661396556052,55.8293252155081,54947.811283716044,13.271,0.562,False,,13.261432694408,inverse_logistic_from_flux_numeric,13447.628069738197,1418562.313621601,10.00563742015651,1.0726093133481458,nan,1.0,303.0
227.99922534813098,56.344113002615444,18238.76787924844,15.293,0.644,False,,15.298981588602626,inverse_logistic_from_flux_numeric,13447.628069738197,1418562.313621601,10.00563742015651,1.0726093133481458,nan,1.0,303.0
228.7078917379986,55.87079212118416,23209.55469464568,14.779,0.679,False,,14.632124150486817,inverse_logistic_from_flux_numeric,13447.628069738197,1418562.313621601,10.00563742015651,1.0726093133481458,nan,1.0,303.0
228.18490733495307,56.22532462481963,12302.585086040926,,,False,,nan,inverse_logistic_from_flux_numeric,13447.628069738197,1418562.313621601,10.00563742015651,1.0726093133481458,nan,1.0,303.0
228.25356679146577,56.179329334469074,12047.07623316621,,,False,,nan,inverse_logistic_from_flux_numeric,13447.628069738197,1418562.313621601,10.00563742015651,1.0726093133481458,nan,1.0,303.0
227.98810714173885,56.35572712846782,15152.401976940939,15.969,0.601,False,,16.264419276371925,inverse_logistic_from_flux_numeric,13447.628069738197,1418562.313621601,10.00563742015651,1.0726093133481458,nan,1.0,303.0
228.3646115936045,56.10606678775141,14215.457628938773,16.482,0.554,False,,17.008667328262923,inverse_logistic_from_flux_numeric,13447.628069738197,1418562.313621601,10.00563742015651,1.0726093133481458,nan,1.0,303.0
228.37318268233219,56.10014815503856,13367.269723902356,,,False,,nan,inverse_logistic_from_flux_numeric,13447.628069738197,1418562.313621601,10.00563742015651,1.0726093133481458,nan,1.0,303.0
228.46857616979284,56.039541491695985,11973.941989587911,,,False,,nan,inverse_logistic_from_flux_numeric,13447.628069738197,1418562.313621601,10.00563742015651,1.0726093133481458,nan,1.0,303.0
228.05062817976435,56.31889704444316,12249.206457584074,,,False,,nan,inverse_logistic_from_flux_numeric,13447.628069738197,1418562.313621601,10.00563742015651,1.0726093133481458,nan,1.0,303.0
228.49397600169482,56.02308713425234,19547.68327735509,,,True,Gaia DR3 1600813068035833984,15.072930369341467,inverse_logistic_from_flux_numeric,13447.628069738197,1418562.313621601,10.00563742015651,1.0726093133481458,nan,1.0,303.0
227.80784802643976,56.47860991363688,12745.505839752506,,,False,,nan,inverse_logistic_from_flux_numeric,13447.628069738197,1418562.313621601,10.00563742015651,1.0726093133481458,nan,1.0,303.0
228.31331584379532,56.144712197820326,13031.671063884103,,,False,,nan,inverse_logistic_from_flux_numeric,13447.628069738197,1418562.313621601,10.00563742015651,1.0726093133481458,nan,1.0,303.0
228.24090881936326,56.193910457367494,12171.929806545388,,,False,,nan,inverse_logistic_from_flux_numeric,13447.628069738197,1418562.313621601,10.00563742015651,1.0726093133481458,nan,1.0,303.0
228.95070032675613,55.714151302466526,12034.87035613598,,,False,,nan,inverse_logistic_from_flux_numeric,13447.628069738197,1418562.313621601,10.00563742015651,1.0726093133481458,nan,1.0,303.0
228.95835775462854,55.709032472874995,13540.281602545043,,,False,,18.9806634052026,inverse_logistic_from_flux_numeric,13447.628069738197,1418562.313621601,10.00563742015651,1.0726093133481458,nan,1.0,303.0
227.91302661851662,56.41205682542347,12678.937590210977,,,False,,nan,inverse_logistic_from_flux_numeric,13447.628069738197,1418562.313621601,10.00563742015651,1.0726093133481458,nan,1.0,303.0
227.91560237099503,56.411158579156805,20692.062088256727,14.983,0.939,False,,14.911870836650039,inverse_logistic_from_flux_numeric,13447.628069738197,1418562.313621601,10.00563742015651,1.0726093133481458,nan,1.0,303.0
228.9565909569151,55.71132454853324,12711.815420442783,,,False,,nan,inverse_logistic_from_flux_numeric,13447.628069738197,1418562.313621601,10.00563742015651,1.0726093133481458,nan,1.0,303.0
228.95755775386,55.70983757214293,13280.549536824963,,,False,,nan,inverse_logistic_from_flux_numeric,13447.628069738197,1418562.313621601,10.00563742015651,1.0726093133481458,nan,1.0,303.0
228.32729418905615,56.13910954186986,12162.448538974104,,,False,,nan,inverse_logistic_from_flux_numeric,13447.628069738197,1418562.313621601,10.00563742015651,1.0726093133481458,nan,1.0,303.0
228.95696293345407,55.71101813264968,12407.191043385099,,,False,,nan,inverse_logistic_from_flux_numeric,13447.628069738197,1418562.313621601,10.00563742015651,1.0726093133481458,nan,1.0,303.0
228.6472389170154,55.924687298706885,13972.270229954413,16.633,0.768,False,,17.363898723020327,inverse_logistic_from_flux_numeric,13447.628069738197,1418562.313621601,10.00563742015651,1.0726093133481458,nan,1.0,303.0
228.4440074836828,56.06260522268909,37510.41684604372,13.729,0.589,False,,13.781414926805226,inverse_logistic_from_flux_numeric,13447.628069738197,1418562.313621601,10.00563742015651,1.0726093133481458,nan,1.0,303.0
228.48255404323103,56.03702843829002,12060.648963104042,,,False,,nan,inverse_logistic_from_flux_numeric,13447.628069738197,1418562.313621601,10.00563742015651,1.0726093133481458,nan,1.0,303.0
228.11205730567517,56.28587066933416,12147.98966065073,,,False,,nan,inverse_logistic_from_flux_numeric,13447.628069738197,1418562.313621601,10.00563742015651,1.0726093133481458,nan,1.0,303.0
228.48192404181827,56.037958411117884,11999.890913291165,,,False,,nan,inverse_logistic_from_flux_numeric,13447.628069738197,1418562.313621601,10.00563742015651,1.0726093133481458,nan,1.0,303.0
228.62431304309283,55.94228228410825,12071.56326797362,,,False,,nan,inverse_logistic_from_flux_numeric,13447.628069738197,1418562.313621601,10.00563742015651,1.0726093133481458,nan,1.0,303.0
228.5654291756504,55.97982100331721,12362.859931188017,,,False,,nan,inverse_logistic_from_flux_numeric,13447.628069738197,1418562.313621601,10.00563742015651,1.0726093133481458,nan,1.0,303.0
228.32845469246072,56.14242652465811,12125.60446603467,,,False,,nan,inverse_logistic_from_flux_numeric,13447.628069738197,1418562.313621601,10.00563742015651,1.0726093133481458,nan,1.0,303.0
228.31850700191595,56.14892724287752,12244.710357148002,,,False,,nan,inverse_logistic_from_flux_numeric,13447.628069738197,1418562.313621601,10.00563742015651,1.0726093133481458,nan,1.0,303.0
228.57473983507327,55.97552323676396,12362.284152400154,,,False,,nan,inverse_logistic_from_flux_numeric,13447.628069738197,1418562.313621601,10.00563742015651,1.0726093133481458,nan,1.0,303.0
228.53470629496348,56.00615522971648,12029.129692590961,,,False,,nan,inverse_logistic_from_flux_numeric,13447.628069738197,1418562.313621601,10.00563742015651,1.0726093133481458,nan,1.0,303.0
227.938622343886,56.40411424534424,13169.999606811103,,,False,,nan,inverse_logistic_from_flux_numeric,13447.628069738197,1418562.313621601,10.00563742015651,1.0726093133481458,nan,1.0,303.0
228.00456512898228,56.36127630315425,15430.226524504009,,,False,,16.123479028443256,inverse_logistic_from_flux_numeric,13447.628069738197,1418562.313621601,10.00563742015651,1.0726093133481458,nan,1.0,303.0
228.35409723552306,56.12860204510895,12248.139140795547,,,False,,nan,inverse_logistic_from_flux_numeric,13447.628069738197,1418562.313621601,10.00563742015651,1.0726093133481458,nan,1.0,303.0
228.6223610936011,55.948384614233575,14538.975344821987,,,False,,16.680653339637786,inverse_logistic_from_flux_numeric,13447.628069738197,1418562.313621601,10.00563742015651,1.0726093133481458,nan,1.0,303.0
227.99781722296797,56.36615067357848,12180.9717713146,,,False,,nan,inverse_logistic_from_flux_numeric,13447.628069738197,1418562.313621601,10.00563742015651,1.0726093133481458,nan,1.0,303.0
228.36969281240127,56.119260040195165,12312.622553872869,,,False,,nan,inverse_logistic_from_flux_numeric,13447.628069738197,1418562.313621601,10.00563742015651,1.0726093133481458,nan,1.0,303.0
228.0040046834299,56.362392123494054,12928.051033185482,,,False,,nan,inverse_logistic_from_flux_numeric,13447.628069738197,1418562.313621601,10.00563742015651,1.0726093133481458,nan,1.0,303.0
228.92786751636436,55.740995642003476,21139.87546069758,15.127,0.967,False,,14.85565284423334,inverse_logistic_from_flux_numeric,13447.628069738197,1418562.313621601,10.00563742015651,1.0726093133481458,nan,1.0,303.0
229.05109551263445,55.65562458682038,12419.38397118882,,,False,,nan,inverse_logistic_from_flux_numeric,13447.628069738197,1418562.313621601,10.00563742015651,1.0726093133481458,nan,1.0,303.0
227.94928242810238,56.40222189055015,12288.045016213104,,,False,,nan,inverse_logistic_from_flux_numeric,13447.628069738197,1418562.313621601,10.00563742015651,1.0726093133481458,nan,1.0,303.0
228.36860542064719,56.12136067594773,12043.829927837616,,,False,,nan,inverse_logistic_from_flux_numeric,13447.628069738197,1418562.313621601,10.00563742015651,1.0726093133481458,nan,1.0,303.0
228.91509582055411,55.7518386462096,11746.666271170227,,,False,,nan,inverse_logistic_from_flux_numeric,13447.628069738197,1418562.313621601,10.00563742015651,1.0726093133481458,nan,1.0,303.0
228.2652715400382,56.19291962570601,12512.24258069753,,,False,,nan,inverse_logistic_from_flux_numeric,13447.628069738197,1418562.313621601,10.00563742015651,1.0726093133481458,nan,1.0,303.0
228.50909609177492,56.032043716635314,12089.700453602758,,,False,,nan,inverse_logistic_from_flux_numeric,13447.628069738197,1418562.313621601,10.00563742015651,1.0726093133481458,nan,1.0,303.0
229.01173547630006,55.688776487325406,13843.520794942066,,,False,,17.626496490587293,inverse_logistic_from_flux_numeric,13447.628069738197,1418562.313621601,10.00563742015651,1.0726093133481458,nan,1.0,303.0
229.0089763040041,55.69174723122183,11998.039120230544,,,False,,nan,inverse_logistic_from_flux_numeric,13447.628069738197,1418562.313621601,10.00563742015651,1.0726093133481458,nan,1.0,303.0
227.83765558224277,56.4792769924535,25900.624473990953,,,False,,14.403334467585818,inverse_logistic_from_flux_numeric,13447.628069738197,1418562.313621601,10.00563742015651,1.0726093133481458,nan,1.0,303.0
228.51954982326072,56.02703610504045,13440.49550748218,,,False,,nan,inverse_logistic_from_flux_numeric,13447.628069738197,1418562.313621601,10.00563742015651,1.0726093133481458,nan,1.0,303.0
228.39672425965026,56.109846791227895,14423.806142910626,,,False,,16.78470357077893,inverse_logistic_from_flux_numeric,13447.628069738197,1418562.313621601,10.00563742015651,1.0726093133481458,nan,1.0,303.0
228.49783114944495,56.04274416546489,12474.120696899789,,,False,,nan,inverse_logistic_from_flux_numeric,13447.628069738197,1418562.313621601,10.00563742015651,1.0726093133481458,nan,1.0,303.0
228.05058463858947,56.34187521236308,16317.101389389458,15.794,0.721,False,,15.778197266848505,inverse_logistic_from_flux_numeric,13447.628069738197,1418562.313621601,10.00563742015651,1.0726093133481458,nan,1.0,303.0
228.28209167899823,56.188487624757045,12100.962685766917,,,False,,nan,inverse_logistic_from_flux_numeric,13447.628069738197,1418562.313621601,10.00563742015651,1.0726093133481458,nan,1.0,303.0
228.08445756174424,56.320000638544535,25189.2442073131,14.514,0.813,False,,14.458650488396625,inverse_logistic_from_flux_numeric,13447.628069738197,1418562.313621601,10.00563742015651,1.0726093133481458,nan,1.0,303.0
227.88790725787894,56.4499136429905,12346.362702466602,,,False,,nan,inverse_logistic_from_flux_numeric,13447.628069738197,1418562.313621601,10.00563742015651,1.0726093133481458,nan,1.0,303.0
227.8940400258123,56.446097995226864,13238.431042093069,,,False,,nan,inverse_logistic_from_flux_numeric,13447.628069738197,1418562.313621601,10.00563742015651,1.0726093133481458,nan,1.0,303.0
227.81727601295117,56.49951405132302,12601.90527543074,,,False,,nan,inverse_logistic_from_flux_numeric,13447.628069738197,1418562.313621601,10.00563742015651,1.0726093133481458,nan,1.0,303.0
228.18842377308164,56.255692384915136,12443.022920916093,,,False,,nan,inverse_logistic_from_flux_numeric,13447.628069738197,1418562.313621601,10.00563742015651,1.0726093133481458,nan,1.0,303.0
227.94260530818426,56.41923932638933,13394.55542568777,,,False,,nan,inverse_logistic_from_flux_numeric,13447.628069738197,1418562.313621601,10.00563742015651,1.0726093133481458,nan,1.0,303.0
228.6197024622386,55.967513534235735,12517.137641408855,,,False,,nan,inverse_logistic_from_flux_numeric,13447.628069738197,1418562.313621601,10.00563742015651,1.0726093133481458,nan,1.0,303.0
227.8220415566172,56.49975605520587,18249.255273486473,,,False,,15.296936098841734,inverse_logistic_from_flux_numeric,13447.628069738197,1418562.313621601,10.00563742015651,1.0726093133481458,nan,1.0,303.0
228.42767741711606,56.09894762171011,13291.957386033895,,,False,,nan,inverse_logistic_from_flux_numeric,13447.628069738197,1418562.313621601,10.00563742015651,1.0726093133481458,nan,1.0,303.0
228.88008221375696,55.792951581675474,66143.13689266094,13.092,0.663,False,,13.0310819877038,inverse_logistic_from_flux_numeric,13447.628069738197,1418562.313621601,10.00563742015651,1.0726093133481458,nan,1.0,303.0
227.96019526201684,56.41199406099408,14068.009752712283,,,False,,17.20756347788535,inverse_logistic_from_flux_numeric,13447.628069738197,1418562.313621601,10.00563742015651,1.0726093133481458,nan,1.0,303.0
229.0122686255047,55.70394129417556,373423.9130020303,,,False,,10.999351001660266,inverse_logistic_from_flux_numeric,13447.628069738197,1418562.313621601,10.00563742015651,1.0726093133481458,nan,1.0,303.0
227.87433038513154,56.46960347538099,16424.850460694557,,,False,,15.74375870235395,inverse_logistic_from_flux_numeric,13447.628069738197,1418562.313621601,10.00563742015651,1.0726093133481458,nan,1.0,303.0
228.2169031033619,56.24426553966747,45286.65674562728,13.452,0.671,False,,13.515080471254656,inverse_logistic_from_flux_numeric,13447.628069738197,1418562.313621601,10.00563742015651,1.0726093133481458,nan,1.0,303.0
228.14495979942902,56.29375508921953,13563.091058510434,16.813,0.695,False,,18.775463632995233,inverse_logistic_from_flux_numeric,13447.628069738197,1418562.313621601,10.00563742015651,1.0726093133481458,nan,1.0,303.0
228.7379631871914,55.895977816144885,11897.93415823725,,,False,,nan,inverse_logistic_from_flux_numeric,13447.628069738197,1418562.313621601,10.00563742015651,1.0726093133481458,nan,1.0,303.0
229.08117732285885,55.6598376808968,12170.376726201812,,,False,,nan,inverse_logistic_from_flux_numeric,13447.628069738197,1418562.313621601,10.00563742015651,1.0726093133481458,nan,1.0,303.0
228.88630142923503,55.79267290560243,12442.989328378073,,,False,,nan,inverse_logistic_from_flux_numeric,13447.628069738197,1418562.313621601,10.00563742015651,1.0726093133481458,nan,1.0,303.0
228.93301048869336,55.76233319290377,12466.397343336686,,,False,,nan,inverse_logistic_from_flux_numeric,13447.628069738197,1418562.313621601,10.00563742015651,1.0726093133481458,nan,1.0,303.0
227.96943480595414,56.41240106549676,17986.460858760736,,,False,,15.349585863483973,inverse_logistic_from_flux_numeric,13447.628069738197,1418562.313621601,10.00563742015651,1.0726093133481458,nan,1.0,303.0
228.97900253102304,55.73311958706858,12172.163745520498,,,False,,nan,inverse_logistic_from_flux_numeric,13447.628069738197,1418562.313621601,10.00563742015651,1.0726093133481458,nan,1.0,303.0
228.44804878760146,56.09485872484724,12260.88155965899,,,False,,nan,inverse_logistic_from_flux_numeric,13447.628069738197,1418562.313621601,10.00563742015651,1.0726093133481458,nan,1.0,303.0
228.01993439247016,56.378423363689045,12228.577733312784,,,False,,nan,inverse_logistic_from_flux_numeric,13447.628069738197,1418562.313621601,10.00563742015651,1.0726093133481458,nan,1.0,303.0
228.96444106182872,55.74535570067294,11938.837874961226,,,False,,nan,inverse_logistic_from_flux_numeric,13447.628069738197,1418562.313621601,10.00563742015651,1.0726093133481458,nan,1.0,303.0
229.03949693276942,55.6935098478721,12018.551034161019,,,False,,nan,inverse_logistic_from_flux_numeric,13447.628069738197,1418562.313621601,10.00563742015651,1.0726093133481458,nan,1.0,303.0
228.7588092793328,55.88635253930629,13903.654690858612,,,False,,17.49462115023306,inverse_logistic_from_flux_numeric,13447.628069738197,1418562.313621601,10.00563742015651,1.0726093133481458,nan,1.0,303.0
228.2901913892661,56.203517073925894,14162.761925559242,,,False,,17.074987437529124,inverse_logistic_from_flux_numeric,13447.628069738197,1418562.313621601,10.00563742015651,1.0726093133481458,nan,1.0,303.0
228.687401451784,55.93622325935648,15421.877909527526,16.268,0.814,False,,16.12741875457455,inverse_logistic_from_flux_numeric,13447.628069738197,1418562.313621601,10.00563742015651,1.0726093133481458,nan,1.0,303.0
228.08005128711463,56.34355627430708,13611.669423330732,,,False,,18.448034914442502,inverse_logistic_from_flux_numeric,13447.628069738197,1418562.313621601,10.00563742015651,1.0726093133481458,nan,1.0,303.0
228.41997561891634,56.11857107346921,1164123.9365907465,,,False,,8.598744480773298,inverse_logistic_from_flux_numeric,13447.628069738197,1418562.313621601,10.00563742015651,1.0726093133481458,nan,1.0,303.0
228.4198524867811,56.118651007709275,1142602.146556747,,,False,,8.692048336676066,inverse_logistic_from_flux_numeric,13447.628069738197,1418562.313621601,10.00563742015651,1.0726093133481458,nan,1.0,303.0
228.42001908749242,56.11857851969378,1162514.2209884918,,,False,,8.605929319466462,inverse_logistic_from_flux_numeric,13447.628069738197,1418562.313621601,10.00563742015651,1.0726093133481458,nan,1.0,303.0
228.92162600860777,55.77863876710554,12030.948054225202,,,False,,nan,inverse_logistic_from_flux_numeric,13447.628069738197,1418562.313621601,10.00563742015651,1.0726093133481458,nan,1.0,303.0
228.78348693205317,55.87382092211007,11977.323647971089,,,False,,nan,inverse_logistic_from_flux_numeric,13447.628069738197,1418562.313621601,10.00563742015651,1.0726093133481458,nan,1.0,303.0
228.3510390658142,56.166910963644405,12346.85050872932,,,False,,nan,inverse_logistic_from_flux_numeric,13447.628069738197,1418562.313621601,10.00563742015651,1.0726093133481458,nan,1.0,303.0
228.6502355551273,55.96626163503936,11941.689098977033,,,False,,nan,inverse_logistic_from_flux_numeric,13447.628069738197,1418562.313621601,10.00563742015651,1.0726093133481458,nan,1.0,303.0
228.20187622440528,56.26749868196948,12640.602056858352,,,False,,nan,inverse_logistic_from_flux_numeric,13447.628069738197,1418562.313621601,10.00563742015651,1.0726093133481458,nan,1.0,303.0
228.71654792219073,55.921564119927595,15943.021057616808,15.747,0.511,False,,15.90867255615608,inverse_logistic_from_flux_numeric,13447.628069738197,1418562.313621601,10.00563742015651,1.0726093133481458,nan,1.0,303.0
228.02139095090092,56.38845104448063,12420.513284391182,,,False,,nan,inverse_logistic_from_flux_numeric,13447.628069738197,1418562.313621601,10.00563742015651,1.0726093133481458,nan,1.0,303.0
228.86024901454542,55.825005166212456,13624.457592221332,,,False,,18.378040492549637,inverse_logistic_from_flux_numeric,13447.628069738197,1418562.313621601,10.00563742015651,1.0726093133481458,nan,1.0,303.0
228.58574346902955,56.01276572551731,13107.492086214743,,,False,,nan,inverse_logistic_from_flux_numeric,13447.628069738197,1418562.313621601,10.00563742015651,1.0726093133481458,nan,1.0,303.0
228.72277828483053,55.92018346092934,12353.062327098087,,,False,,nan,inverse_logistic_from_flux_numeric,13447.628069738197,1418562.313621601,10.00563742015651,1.0726093133481458,nan,1.0,303.0
228.05645341931864,56.36663072589296,13523.660199104765,16.784,0.477,False,,19.16500163942051,inverse_logistic_from_flux_numeric,13447.628069738197,1418562.313621601,10.00563742015651,1.0726093133481458,nan,1.0,303.0
228.17299919021048,56.290886785415054,12191.450464176136,,,False,,nan,inverse_logistic_from_flux_numeric,13447.628069738197,1418562.313621601,10.00563742015651,1.0726093133481458,nan,1.0,303.0
228.99402830658943,55.73619767182978,11883.120554413594,,,False,,nan,inverse_logistic_from_flux_numeric,13447.628069738197,1418562.313621601,10.00563742015651,1.0726093133481458,nan,1.0,303.0
228.1526406159465,56.30721550925913,12204.810820688774,,,False,,nan,inverse_logistic_from_flux_numeric,13447.628069738197,1418562.313621601,10.00563742015651,1.0726093133481458,nan,1.0,303.0
228.54087673158497,56.04772348549296,14028.237648597624,,,False,,17.26936107107806,inverse_logistic_from_flux_numeric,13447.628069738197,1418562.313621601,10.00563742015651,1.0726093133481458,nan,1.0,303.0
228.60724653137572,56.005739708074074,12172.417415556873,,,False,,nan,inverse_logistic_from_flux_numeric,13447.628069738197,1418562.313621601,10.00563742015651,1.0726093133481458,nan,1.0,303.0
228.86712415456535,55.82889509259943,19966.15382946057,15.165,0.64,False,,15.010792571063167,inverse_logistic_from_flux_numeric,13447.628069738197,1418562.313621601,10.00563742015651,1.0726093133481458,nan,1.0,303.0
228.19624061766226,56.28157337793467,296650.14118120115,,,False,,11.289075436630512,inverse_logistic_from_flux_numeric,13447.628069738197,1418562.313621601,10.00563742015651,1.0726093133481458,nan,1.0,303.0
228.19929868147594,56.279771910962445,105612.65951324627,,,False,,12.482262139174459,inverse_logistic_from_flux_numeric,13447.628069738197,1418562.313621601,10.00563742015651,1.0726093133481458,nan,1.0,303.0
228.16796016967757,56.30174105237765,16391.20601707453,,,False,,15.75437668474223,inverse_logistic_from_flux_numeric,13447.628069738197,1418562.313621601,10.00563742015651,1.0726093133481458,nan,1.0,303.0
228.23538835369894,56.25740221453322,12003.721992718265,,,False,,nan,inverse_logistic_from_flux_numeric,13447.628069738197,1418562.313621601,10.00563742015651,1.0726093133481458,nan,1.0,303.0
228.79320260265405,55.88336634128274,12348.664969756548,,,False,,nan,inverse_logistic_from_flux_numeric,13447.628069738197,1418562.313621601,10.00563742015651,1.0726093133481458,nan,1.0,303.0
227.9597932367642,56.44191414627643,19187.938002720817,,,False,,15.129839931361374,inverse_logistic_from_flux_numeric,13447.628069738197,1418562.313621601,10.00563742015651,1.0726093133481458,nan,1.0,303.0
227.9198914276958,56.47061033317424,30157.146503432377,,,False,,14.126366587308524,inverse_logistic_from_flux_numeric,13447.628069738197,1418562.313621601,10.00563742015651,1.0726093133481458,nan,1.0,303.0
228.59662078371005,56.02048612019347,21129.51851099366,14.95,0.509,False,,14.856915869519739,inverse_logistic_from_flux_numeric,13447.628069738197,1418562.313621601,10.00563742015651,1.0726093133481458,nan,1.0,303.0
229.09594312591332,55.67949158728466,11939.148219215876,,,False,,nan,inverse_logistic_from_flux_numeric,13447.628069738197,1418562.313621601,10.00563742015651,1.0726093133481458,nan,1.0,303.0
228.08827362518107,56.362114530667405,12165.4217586706,,,False,,nan,inverse_logistic_from_flux_numeric,13447.628069738197,1418562.313621601,10.00563742015651,1.0726093133481458,nan,1.0,303.0
228.28908387817424,56.22868171672732,12254.563088834168,,,False,,nan,inverse_logistic_from_flux_numeric,13447.628069738197,1418562.313621601,10.00563742015651,1.0726093133481458,nan,1.0,303.0
228.2957997382672,56.223900460721744,16127.008039590359,,,False,,15.842226770327738,inverse_logistic_from_flux_numeric,13447.628069738197,1418562.313621601,10.00563742015651,1.0726093133481458,nan,1.0,303.0
228.2922375878192,56.22756344617902,12317.228629144494,,,False,,nan,inverse_logistic_from_flux_numeric,13447.628069738197,1418562.313621601,10.00563742015651,1.0726093133481458,nan,1.0,303.0
228.29493383167053,56.22529470482233,13333.879620768095,,,False,,nan,inverse_logistic_from_flux_numeric,13447.628069738197,1418562.313621601,10.00563742015651,1.0726093133481458,nan,1.0,303.0
228.68774222072466,55.9619735865481,12027.682032753351,,,False,,nan,inverse_logistic_from_flux_numeric,13447.628069738197,1418562.313621601,10.00563742015651,1.0726093133481458,nan,1.0,303.0
229.0286890413488,55.72876246064998,11846.816756272812,,,False,,nan,inverse_logistic_from_flux_numeric,13447.628069738197,1418562.313621601,10.00563742015651,1.0726093133481458,nan,1.0,303.0
228.10172330088574,56.355303118157366,12076.105751807083,,,False,,nan,inverse_logistic_from_flux_numeric,13447.628069738197,1418562.313621601,10.00563742015651,1.0726093133481458,nan,1.0,303.0
228.29550698194674,56.226051455718185,12215.254049811396,,,False,,nan,inverse_logistic_from_flux_numeric,13447.628069738197,1418562.313621601,10.00563742015651,1.0726093133481458,nan,1.0,303.0
228.35629252006706,56.18824454320249,25172.484271870617,14.55,0.909,False,,14.459993422761357,inverse_logistic_from_flux_numeric,13447.628069738197,1418562.313621601,10.00563742015651,1.0726093133481458,nan,1.0,303.0
228.82182958502912,55.87793109501348,12067.430763866201,,,False,,nan,inverse_logistic_from_flux_numeric,13447.628069738197,1418562.313621601,10.00563742015651,1.0726093133481458,nan,1.0,303.0
227.9092780243762,56.48820307200831,12115.569623807387,,,False,,nan,inverse_logistic_from_flux_numeric,13447.628069738197,1418562.313621601,10.00563742015651,1.0726093133481458,nan,1.0,303.0
228.10022872420947,56.36394076868585,12124.955191790163,,,False,,nan,inverse_logistic_from_flux_numeric,13447.628069738197,1418562.313621601,10.00563742015651,1.0726093133481458,nan,1.0,303.0
227.92034707663112,56.484692897857556,12262.584513960324,,,False,,nan,inverse_logistic_from_flux_numeric,13447.628069738197,1418562.313621601,10.00563742015651,1.0726093133481458,nan,1.0,303.0
228.15209751171315,56.33480812646042,12328.835663539701,,,False,,nan,inverse_logistic_from_flux_numeric,13447.628069738197,1418562.313621601,10.00563742015651,1.0726093133481458,nan,1.0,303.0
228.0230754325631,56.421385572057204,12067.957787304624,,,False,,nan,inverse_logistic_from_flux_numeric,13447.628069738197,1418562.313621601,10.00563742015651,1.0726093133481458,nan,1.0,303.0
228.2384099873704,56.279847057499374,22086.747814823324,14.67,0.422,False,,14.746791658647378,inverse_logistic_from_flux_numeric,13447.628069738197,1418562.313621601,10.00563742015651,1.0726093133481458,nan,1.0,303.0
228.61880739125078,56.02471615612475,12284.249407265605,,,False,,nan,inverse_logistic_from_flux_numeric,13447.628069738197,1418562.313621601,10.00563742015651,1.0726093133481458,nan,1.0,303.0
229.10596455427708,55.69172684791115,12588.064489808545,,,False,,nan,inverse_logistic_from_flux_numeric,13447.628069738197,1418562.313621601,10.00563742015651,1.0726093133481458,nan,1.0,303.0
228.27406602781036,56.25496049474554,12249.105618549363,,,False,,nan,inverse_logistic_from_flux_numeric,13447.628069738197,1418562.313621601,10.00563742015651,1.0726093133481458,nan,1.0,303.0
228.289535620243,56.246602474126526,12367.083764882384,,,False,,nan,inverse_logistic_from_flux_numeric,13447.628069738197,1418562.313621601,10.00563742015651,1.0726093133481458,nan,1.0,303.0
228.63985772097976,56.011503289942986,12042.225323100098,,,False,,nan,inverse_logistic_from_flux_numeric,13447.628069738197,1418562.313621601,10.00563742015651,1.0726093133481458,nan,1.0,303.0
228.2823771576996,56.2518140765111,12225.582942873434,,,False,,nan,inverse_logistic_from_flux_numeric,13447.628069738197,1418562.313621601,10.00563742015651,1.0726093133481458,nan,1.0,303.0
228.90491613023897,55.83474272344123,144821.2485368836,,,True,Gaia DR3 1600607317626498944,12.123527143070962,inverse_logistic_from_flux_numeric,13447.628069738197,1418562.313621601,10.00563742015651,1.0726093133481458,nan,1.0,303.0
228.2626675979559,56.26968069740374,13228.490670953357,,,False,,nan,inverse_logistic_from_flux_numeric,13447.628069738197,1418562.313621601,10.00563742015651,1.0726093133481458,nan,1.0,303.0
228.68994517669074,55.98136965284505,12247.667395936844,,,False,,nan,inverse_logistic_from_flux_numeric,13447.628069738197,1418562.313621601,10.00563742015651,1.0726093133481458,nan,1.0,303.0
228.8645880572165,55.86526472626417,12068.843685841231,,,False,,nan,inverse_logistic_from_flux_numeric,13447.628069738197,1418562.313621601,10.00563742015651,1.0726093133481458,nan,1.0,303.0
228.40900284316984,56.17395025870674,34911.560150249294,13.803,0.447,False,,13.889723413030286,inverse_logistic_from_flux_numeric,13447.628069738197,1418562.313621601,10.00563742015651,1.0726093133481458,nan,1.0,303.0
228.23640232285496,56.289996615070734,15499.919520206333,,,False,,16.091222842719873,inverse_logistic_from_flux_numeric,13447.628069738197,1418562.313621601,10.00563742015651,1.0726093133481458,nan,1.0,303.0
228.7164271116773,55.96727845426219,90556.07054077138,12.706,0.764,False,,12.659186313377074,inverse_logistic_from_flux_numeric,13447.628069738197,1418562.313621601,10.00563742015651,1.0726093133481458,nan,1.0,303.0
228.06737207110223,56.40363441255624,12604.731545122688,,,False,,nan,inverse_logistic_from_flux_numeric,13447.628069738197,1418562.313621601,10.00563742015651,1.0726093133481458,nan,1.0,303.0
228.0593411832533,56.408799088989475,12046.745933961514,,,False,,nan,inverse_logistic_from_flux_numeric,13447.628069738197,1418562.313621601,10.00563742015651,1.0726093133481458,nan,1.0,303.0
228.06505226476233,56.406789779058755,12263.209073641156,,,False,,nan,inverse_logistic_from_flux_numeric,13447.628069738197,1418562.313621601,10.00563742015651,1.0726093133481458,nan,1.0,303.0
228.6087624535107,56.04720250261472,12135.22404614216,,,False,,nan,inverse_logistic_from_flux_numeric,13447.628069738197,1418562.313621601,10.00563742015651,1.0726093133481458,nan,1.0,303.0
228.5632853309425,56.079960689925905,12144.07462386551,,,False,,nan,inverse_logistic_from_flux_numeric,13447.628069738197,1418562.313621601,10.00563742015651,1.0726093133481458,nan,1.0,303.0
228.48597242037835,56.13267118093535,12056.812816155054,,,False,,nan,inverse_logistic_from_flux_numeric,13447.628069738197,1418562.313621601,10.00563742015651,1.0726093133481458,nan,1.0,303.0
228.87690941793625,55.8672461308568,12005.802249070235,,,False,,nan,inverse_logistic_from_flux_numeric,13447.628069738197,1418562.313621601,10.00563742015651,1.0726093133481458,nan,1.0,303.0
229.17590716073923,55.66309051071145,8111.033521139971,,,False,,nan,inverse_logistic_from_flux_numeric,13447.628069738197,1418562.313621601,10.00563742015651,1.0726093133481458,nan,1.0,303.0
228.09458278954685,56.397111606835985,27314.405898836172,14.269,0.569,False,,14.302132375278482,inverse_logistic_from_flux_numeric,13447.628069738197,1418562.313621601,10.00563742015651,1.0726093133481458,nan,1.0,303.0
228.32656638426303,56.24722350201743,12034.097446442951,,,False,,nan,inverse_logistic_from_flux_numeric,13447.628069738197,1418562.313621601,10.00563742015651,1.0726093133481458,nan,1.0,303.0
228.73173454849666,55.97400637507396,19982.33416545614,15.124,0.581,False,,15.00847047548908,inverse_logistic_from_flux_numeric,13447.628069738197,1418562.313621601,10.00563742015651,1.0726093133481458,nan,1.0,303.0
228.41880248495403,56.18527907973339,52986.742462145434,13.236,0.614,False,,13.307903043613504,inverse_logistic_from_flux_numeric,13447.628069738197,1418562.313621601,10.00563742015651,1.0726093133481458,nan,1.0,303.0
228.89190925028356,55.865209364554595,11875.823952351717,,,False,,nan,inverse_logistic_from_flux_numeric,13447.628069738197,1418562.313621601,10.00563742015651,1.0726093133481458,nan,1.0,303.0
228.64605894783332,56.03281627792893,14240.021101878858,,,False,,16.97929294951966,inverse_logistic_from_flux_numeric,13447.628069738197,1418562.313621601,10.00563742015651,1.0726093133481458,nan,1.0,303.0
228.4488089767774,56.16622949615106,14111.262077523403,,,False,,17.144701172489754,inverse_logistic_from_flux_numeric,13447.628069738197,1418562.313621601,10.00563742015651,1.0726093133481458,nan,1.0,303.0
229.1138367490896,55.71357336026261,12570.455008883928,,,False,,nan,inverse_logistic_from_flux_numeric,13447.628069738197,1418562.313621601,10.00563742015651,1.0726093133481458,nan,1.0,303.0
228.0202165135837,56.45242463977336,13283.199229811808,,,False,,nan,inverse_logistic_from_flux_numeric,13447.628069738197,1418562.313621601,10.00563742015651,1.0726093133481458,nan,1.0,303.0
228.0492603800315,56.43433430219874,16677.26611274302,,,False,,15.667720460922197,inverse_logistic_from_flux_numeric,13447.628069738197,1418562.313621601,10.00563742015651,1.0726093133481458,nan,1.0,303.0
228.0426006199076,56.43943112360497,12546.0809450991,,,False,,nan,inverse_logistic_from_flux_numeric,13447.628069738197,1418562.313621601,10.00563742015651,1.0726093133481458,nan,1.0,303.0
228.04853473521266,56.43580961224292,12942.569561991002,,,False,,nan,inverse_logistic_from_flux_numeric,13447.628069738197,1418562.313621601,10.00563742015651,1.0726093133481458,nan,1.0,303.0
228.0486498669161,56.435543506726745,13376.55285012803,,,False,,nan,inverse_logistic_from_flux_numeric,13447.628069738197,1418562.313621601,10.00563742015651,1.0726093133481458,nan,1.0,303.0
228.80298361746222,55.93087775493628,13516.87269747813,,,False,,19.252186480286802,inverse_logistic_from_flux_numeric,13447.628069738197,1418562.313621601,10.00563742015651,1.0726093133481458,nan,1.0,303.0
228.26450239023194,56.293982295879985,189123.35514966658,11.701,0.799,False,,11.819600205041905,inverse_logistic_from_flux_numeric,13447.628069738197,1418562.313621601,10.00563742015651,1.0726093133481458,nan,1.0,303.0
229.0701707073438,55.748970176263484,149392.1806284731,12.104,0.775,False,,12.088288949144644,inverse_logistic_from_flux_numeric,13447.628069738197,1418562.313621601,10.00563742015651,1.0726093133481458,nan,1.0,303.0
228.39817085880875,56.20698084885953,12078.143429660075,,,False,,nan,inverse_logistic_from_flux_numeric,13447.628069738197,1418562.313621601,10.00563742015651,1.0726093133481458,nan,1.0,303.0
228.86231575796853,55.89254159078532,27896.11181951337,14.502,0.935,False,,14.263430689432486,inverse_logistic_from_flux_numeric,13447.628069738197,1418562.313621601,10.00563742015651,1.0726093133481458,nan,1.0,303.0
228.40557880502385,56.20200504874657,12198.19401319038,,,False,,nan,inverse_logistic_from_flux_numeric,13447.628069738197,1418562.313621601,10.00563742015651,1.0726093133481458,nan,1.0,303.0
229.08351679004315,55.74096468109634,40484.66603593829,13.795,0.767,False,,13.670752990746323,inverse_logistic_from_flux_numeric,13447.628069738197,1418562.313621601,10.00563742015651,1.0726093133481458,nan,1.0,303.0
228.69262455043742,56.009827458465516,15084.69828433307,,,False,,16.302245302212825,inverse_logistic_from_flux_numeric,13447.628069738197,1418562.313621601,10.00563742015651,1.0726093133481458,nan,1.0,303.0
228.2722264885753,56.29334757462476,12442.339804474592,,,False,,nan,inverse_logistic_from_flux_numeric,13447.628069738197,1418562.313621601,10.00563742015651,1.0726093133481458,nan,1.0,303.0
228.26439574874826,56.29830704273309,20035.686151993308,,,False,,15.000854091461772,inverse_logistic_from_flux_numeric,13447.628069738197,1418562.313621601,10.00563742015651,1.0726093133481458,nan,1.0,303.0
228.279813228974,56.288122537438575,15345.182461771405,,,False,,16.164410100006037,inverse_logistic_from_flux_numeric,13447.628069738197,1418562.313621601,10.00563742015651,1.0726093133481458,nan,1.0,303.0
228.27891219908005,56.28950539172368,13103.231670722782,,,False,,nan,inverse_logistic_from_flux_numeric,13447.628069738197,1418562.313621601,10.00563742015651,1.0726093133481458,nan,1.0,303.0
228.17343125156452,56.36074250100995,13120.483233541017,,,False,,nan,inverse_logistic_from_flux_numeric,13447.628069738197,1418562.313621601,10.00563742015651,1.0726093133481458,nan,1.0,303.0
228.27979380905575,56.290408882714594,12149.631611237379,,,False,,nan,inverse_logistic_from_flux_numeric,13447.628069738197,1418562.313621601,10.00563742015651,1.0726093133481458,nan,1.0,303.0
228.98552642551968,55.813745798601,11789.775159849054,,,False,,nan,inverse_logistic_from_flux_numeric,13447.628069738197,1418562.313621601,10.00563742015651,1.0726093133481458,nan,1.0,303.0
227.97109659655695,56.496222020628224,12656.362379484792,,,False,,nan,inverse_logistic_from_flux_numeric,13447.628069738197,1418562.313621601,10.00563742015651,1.0726093133481458,nan,1.0,303.0
228.08090726478957,56.42394690756153,12501.54086059613,,,False,,nan,inverse_logistic_from_flux_numeric,13447.628069738197,1418562.313621601,10.00563742015651,1.0726093133481458,nan,1.0,303.0
228.27714091617918,56.29444541767636,12088.630880373777,,,False,,nan,inverse_logistic_from_flux_numeric,13447.628069738197,1418562.313621601,10.00563742015651,1.0726093133481458,nan,1.0,303.0
227.99041590533747,56.48599840270103,12110.875281530254,,,False,,nan,inverse_logistic_from_flux_numeric,13447.628069738197,1418562.313621601,10.00563742015651,1.0726093133481458,nan,1.0,303.0
228.16474825614205,56.370856143166385,12420.277552414458,,,False,,nan,inverse_logistic_from_flux_numeric,13447.628069738197,1418562.313621601,10.00563742015651,1.0726093133481458,nan,1.0,303.0
228.78903816957663,55.951916747518595,12180.64438795243,,,False,,nan,inverse_logistic_from_flux_numeric,13447.628069738197,1418562.313621601,10.00563742015651,1.0726093133481458,nan,1.0,303.0
228.32303234869258,56.266745259171074,12287.47701991568,,,False,,nan,inverse_logistic_from_flux_numeric,13447.628069738197,1418562.313621601,10.00563742015651,1.0726093133481458,nan,1.0,303.0
229.0520192701812,55.774209535848385,12002.545961346948,,,False,,nan,inverse_logistic_from_flux_numeric,13447.628069738197,1418562.313621601,10.00563742015651,1.0726093133481458,nan,1.0,303.0
228.61188267357488,56.07546033687453,21627.947269145247,14.861,0.578,False,,14.797973399852513,inverse_logistic_from_flux_numeric,13447.628069738197,1418562.313621601,10.00563742015651,1.0726093133481458,nan,1.0,303.0
229.1200315327266,55.72851125036157,20117.49178888185,,,False,,14.989294155451127,inverse_logistic_from_flux_numeric,13447.628069738197,1418562.313621601,10.00563742015651,1.0726093133481458,nan,1.0,303.0
228.022544661849,56.46905581048607,13183.949087978626,17.079,0.589,False,,nan,inverse_logistic_from_flux_numeric,13447.628069738197,1418562.313621601,10.00563742015651,1.0726093133481458,nan,1.0,303.0
228.81487284552466,55.94210515848333,12816.660229043668,,,False,,nan,inverse_logistic_from_flux_numeric,13447.628069738197,1418562.313621601,10.00563742015651,1.0726093133481458,nan,1.0,303.0
228.3672621155241,56.24713270947109,12018.037770887962,,,False,,nan,inverse_logistic_from_flux_numeric,13447.628069738197,1418562.313621601,10.00563742015651,1.0726093133481458,nan,1.0,303.0
228.37430128134497,56.24213700055175,12493.146868087619,,,False,,nan,inverse_logistic_from_flux_numeric,13447.628069738197,1418562.313621601,10.00563742015651,1.0726093133481458,nan,1.0,303.0
228.3696917213063,56.24586199163631,12140.149833257783,,,False,,nan,inverse_logistic_from_flux_numeric,13447.628069738197,1418562.313621601,10.00563742015651,1.0726093133481458,nan,1.0,303.0
228.37396852500305,56.243068779960055,12078.261889607731,,,False,,nan,inverse_logistic_from_flux_numeric,13447.628069738197,1418562.313621601,10.00563742015651,1.0726093133481458,nan,1.0,303.0
228.64629288422614,56.060372738377595,12334.85068496965,,,False,,nan,inverse_logistic_from_flux_numeric,13447.628069738197,1418562.313621601,10.00563742015651,1.0726093133481458,nan,1.0,303.0
228.73113618002967,56.00333695982446,12516.084227837327,,,False,,nan,inverse_logistic_from_flux_numeric,13447.628069738197,1418562.313621601,10.00563742015651,1.0726093133481458,nan,1.0,303.0
228.37394631876975,56.244640483617125,11962.3397049838,,,False,,nan,inverse_logistic_from_flux_numeric,13447.628069738197,1418562.313621601,10.00563742015651,1.0726093133481458,nan,1.0,303.0
229.15306181677508,55.716081741234255,12491.115803065572,,,False,,nan,inverse_logistic_from_flux_numeric,13447.628069738197,1418562.313621601,10.00563742015651,1.0726093133481458,nan,1.0,303.0
228.46358693156353,56.1868402961919,14570.597354569993,,,False,,16.65400255305603,inverse_logistic_from_flux_numeric,13447.628069738197,1418562.313621601,10.00563742015651,1.0726093133481458,nan,1.0,303.0
228.61192105669483,56.08765535937564,15290.911965606101,16.077,0.623,False,,16.191499052834068,inverse_logistic_from_flux_numeric,13447.628069738197,1418562.313621601,10.00563742015651,1.0726093133481458,nan,1.0,303.0
229.0032882414755,55.82171232169776,12717.368241430955,,,False,,nan,inverse_logistic_from_flux_numeric,13447.628069738197,1418562.313621601,10.00563742015651,1.0726093133481458,nan,1.0,303.0
228.1924119379727,56.37096897715761,12091.949599058731,,,False,,nan,inverse_logistic_from_flux_numeric,13447.628069738197,1418562.313621601,10.00563742015651,1.0726093133481458,nan,1.0,303.0
228.74757726999792,55.99831077427954,13917.322173581459,,,False,,17.46708066344425,inverse_logistic_from_flux_numeric,13447.628069738197,1418562.313621601,10.00563742015651,1.0726093133481458,nan,1.0,303.0
228.07112487177739,56.45158052866387,54129.99281662084,13.179,0.607,False,,13.280547487841691,inverse_logistic_from_flux_numeric,13447.628069738197,1418562.313621601,10.00563742015651,1.0726093133481458,nan,1.0,303.0
228.15296509965444,56.397707304881074,12592.659089021927,,,False,,nan,inverse_logistic_from_flux_numeric,13447.628069738197,1418562.313621601,10.00563742015651,1.0726093133481458,nan,1.0,303.0
229.01428134557503,55.81710172919248,11840.09765786659,,,False,,nan,inverse_logistic_from_flux_numeric,13447.628069738197,1418562.313621601,10.00563742015651,1.0726093133481458,nan,1.0,303.0
229.06135746621234,55.78829506387548,12452.857716873099,,,False,,nan,inverse_logistic_from_flux_numeric,13447.628069738197,1418562.313621601,10.00563742015651,1.0726093133481458,nan,1.0,303.0
228.47416231164348,56.18910334991549,12091.224919138996,,,False,,nan,inverse_logistic_from_flux_numeric,13447.628069738197,1418562.313621601,10.00563742015651,1.0726093133481458,nan,1.0,303.0
228.57271845972835,56.1240981267237,14725.780155393322,16.129,0.429,False,,16.533222729910932,inverse_logistic_from_flux_numeric,13447.628069738197,1418562.313621601,10.00563742015651,1.0726093133481458,nan,1.0,303.0
228.86336716978505,55.92723012531019,11953.053564596492,,,False,,nan,inverse_logistic_from_flux_numeric,13447.628069738197,1418562.313621601,10.00563742015651,1.0726093133481458,nan,1.0,303.0
229.15374346340172,55.728028686341666,12576.76062026893,,,False,,nan,inverse_logistic_from_flux_numeric,13447.628069738197,1418562.313621601,10.00563742015651,1.0726093133481458,nan,1.0,303.0
228.36255523408474,56.26616725158629,17074.258470108733,,,False,,15.559370564854827,inverse_logistic_from_flux_numeric,13447.628069738197,1418562.313621601,10.00563742015651,1.0726093133481458,nan,1.0,303.0
228.97892826115444,55.85025265044788,12528.33114029567,,,False,,nan,inverse_logistic_from_flux_numeric,13447.628069738197,1418562.313621601,10.00563742015651,1.0726093133481458,nan,1.0,303.0
228.8561142800564,55.93438860536674,17757.92982672389,15.572,0.691,False,,15.39790273390793,inverse_logistic_from_flux_numeric,13447.628069738197,1418562.313621601,10.00563742015651,1.0726093133481458,nan,1.0,303.0
227.985360462453,56.51801126725473,14020.314275782928,,,False,,17.28217678829982,inverse_logistic_from_flux_numeric,13447.628069738197,1418562.313621601,10.00563742015651,1.0726093133481458,nan,1.0,303.0
228.28672572950254,56.31993901551859,12091.09363085185,,,False,,nan,inverse_logistic_from_flux_numeric,13447.628069738197,1418562.313621601,10.00563742015651,1.0726093133481458,nan,1.0,303.0
228.90666475278232,55.900862486896486,36982.15948855391,13.932,0.73,False,,13.802466654209265,inverse_logistic_from_flux_numeric,13447.628069738197,1418562.313621601,10.00563742015651,1.0726093133481458,nan,1.0,303.0
228.40394817648362,56.2419064554684,12448.513612409703,,,False,,nan,inverse_logistic_from_flux_numeric,13447.628069738197,1418562.313621601,10.00563742015651,1.0726093133481458,nan,1.0,303.0
228.61980052134766,56.09704243872049,12081.203147406823,,,False,,nan,inverse_logistic_from_flux_numeric,13447.628069738197,1418562.313621601,10.00563742015651,1.0726093133481458,nan,1.0,303.0
228.36225471432238,56.27003147546837,24362.61449741348,,,False,,14.527264288715909,inverse_logistic_from_flux_numeric,13447.628069738197,1418562.313621601,10.00563742015651,1.0726093133481458,nan,1.0,303.0
228.10135924889505,56.44352805127825,18991.26749808726,15.218,0.654,False,,15.162472982367664,inverse_logistic_from_flux_numeric,13447.628069738197,1418562.313621601,10.00563742015651,1.0726093133481458,nan,1.0,303.0
228.25426679285755,56.3426515376984,14254.513211993597,,,False,,16.96238639335867,inverse_logistic_from_flux_numeric,13447.628069738197,1418562.313621601,10.00563742015651,1.0726093133481458,nan,1.0,303.0
228.32792918006425,56.29372203421692,12068.406330464419,,,False,,nan,inverse_logistic_from_flux_numeric,13447.628069738197,1418562.313621601,10.00563742015651,1.0726093133481458,nan,1.0,303.0
229.00093084813483,55.83899866202142,12132.726554877447,,,False,,nan,inverse_logistic_from_flux_numeric,13447.628069738197,1418562.313621601,10.00563742015651,1.0726093133481458,nan,1.0,303.0
228.68897692822713,56.05208890310052,24523.331798445353,14.48,0.472,False,,14.513529192822176,inverse_logistic_from_flux_numeric,13447.628069738197,1418562.313621601,10.00563742015651,1.0726093133481458,nan,1.0,303.0
227.99209933632966,56.518873310351154,12349.58562169478,,,False,,nan,inverse_logistic_from_flux_numeric,13447.628069738197,1418562.313621601,10.00563742015651,1.0726093133481458,nan,1.0,303.0
228.08731949946454,56.457662256152354,14308.576736409013,,,False,,16.901887151913748,inverse_logistic_from_flux_numeric,13447.628069738197,1418562.313621601,10.00563742015651,1.0726093133481458,nan,1.0,303.0
228.35664198572871,56.279392193005364,12635.47660149115,,,False,,nan,inverse_logistic_from_flux_numeric,13447.628069738197,1418562.313621601,10.00563742015651,1.0726093133481458,nan,1.0,303.0
228.23441148306404,56.36451095017772,27229.68690969097,14.329,0.705,False,,14.307902533286509,inverse_logistic_from_flux_numeric,13447.628069738197,1418562.313621601,10.00563742015651,1.0726093133481458,nan,1.0,303.0
228.6622673189762,56.078047165175285,12377.010453082685,,,False,,nan,inverse_logistic_from_flux_numeric,13447.628069738197,1418562.313621601,10.00563742015651,1.0726093133481458,nan,1.0,303.0
228.13436164664026,56.43175727747771,21352.110441932353,14.857,0.705,False,,14.830136670390917,inverse_logistic_from_flux_numeric,13447.628069738197,1418562.313621601,10.00563742015651,1.0726093133481458,nan,1.0,303.0
228.10743326425117,56.45065562642247,13490.726908140301,,,False,,19.69425622665497,inverse_logistic_from_flux_numeric,13447.628069738197,1418562.313621601,10.00563742015651,1.0726093133481458,nan,1.0,303.0
228.85683277708304,55.9481559047421,16812.37855116392,15.637,0.948,False,,15.629421219537573,inverse_logistic_from_flux_numeric,13447.628069738197,1418562.313621601,10.00563742015651,1.0726093133481458,nan,1.0,303.0
229.19803567478496,55.71367836470692,11458.588106268515,,,False,,nan,inverse_logistic_from_flux_numeric,13447.628069738197,1418562.313621601,10.00563742015651,1.0726093133481458,nan,1.0,303.0
228.51038617555275,56.18569197171896,12011.676240119266,,,False,,nan,inverse_logistic_from_flux_numeric,13447.628069738197,1418562.313621601,10.00563742015651,1.0726093133481458,nan,1.0,303.0
227.983336174533,56.536099223332585,12212.140450472954,,,False,,nan,inverse_logistic_from_flux_numeric,13447.628069738197,1418562.313621601,10.00563742015651,1.0726093133481458,nan,1.0,303.0
228.78567186512458,56.000653683202756,18217.200149236167,15.459,0.727,False,,15.303202278168062,inverse_logistic_from_flux_numeric,13447.628069738197,1418562.313621601,10.00563742015651,1.0726093133481458,nan,1.0,303.0
228.9906745494315,55.86050562601253,15353.778722888672,16.107,0.75,False,,16.160190413744786,inverse_logistic_from_flux_numeric,13447.628069738197,1418562.313621601,10.00563742015651,1.0726093133481458,nan,1.0,303.0
228.75062498819656,56.02577219011154,12060.144940791193,,,False,,nan,inverse_logistic_from_flux_numeric,13447.628069738197,1418562.313621601,10.00563742015651,1.0726093133481458,nan,1.0,303.0
228.67636054029916,56.07691658298789,172082.988255553,11.946,1.014,False,,11.927558155583373,inverse_logistic_from_flux_numeric,13447.628069738197,1418562.313621601,10.00563742015651,1.0726093133481458,nan,1.0,303.0
228.10770968563494,56.45741122005203,12415.370756273143,,,False,,nan,inverse_logistic_from_flux_numeric,13447.628069738197,1418562.313621601,10.00563742015651,1.0726093133481458,nan,1.0,303.0
228.25518802850814,56.36189283564411,13398.59865351578,,,False,,nan,inverse_logistic_from_flux_numeric,13447.628069738197,1418562.313621601,10.00563742015651,1.0726093133481458,nan,1.0,303.0
229.02106216807053,55.84878693164891,11871.1193600897,,,False,,nan,inverse_logistic_from_flux_numeric,13447.628069738197,1418562.313621601,10.00563742015651,1.0726093133481458,nan,1.0,303.0
227.96711288889566,56.556318284334,12163.94301015929,,,False,,nan,inverse_logistic_from_flux_numeric,13447.628069738197,1418562.313621601,10.00563742015651,1.0726093133481458,nan,1.0,303.0
228.19084793032093,56.40995977518992,12023.140494580226,,,False,,nan,inverse_logistic_from_flux_numeric,13447.628069738197,1418562.313621601,10.00563742015651,1.0726093133481458,nan,1.0,303.0
228.3129657368512,56.328896626979635,12720.845543650377,,,False,,nan,inverse_logistic_from_flux_numeric,13447.628069738197,1418562.313621601,10.00563742015651,1.0726093133481458,nan,1.0,303.0
228.92946012545593,55.91272667310262,12363.951574839615,,,False,,nan,inverse_logistic_from_flux_numeric,13447.628069738197,1418562.313621601,10.00563742015651,1.0726093133481458,nan,1.0,303.0
228.93910121551758,55.90607015656678,15529.919762803633,nan,nan,False,,16.077673179182078,inverse_logistic_from_flux_numeric,13447.628069738197,1418562.313621601,10.00563742015651,1.0726093133481458,nan,1.0,303.0
228.18978172868157,56.41100945140742,12069.374591566842,,,False,,nan,inverse_logistic_from_flux_numeric,13447.628069738197,1418562.313621601,10.00563742015651,1.0726093133481458,nan,1.0,303.0
228.93664973292977,55.909078462406804,12874.111525237859,,,False,,nan,inverse_logistic_from_flux_numeric,13447.628069738197,1418562.313621601,10.00563742015651,1.0726093133481458,nan,1.0,303.0
228.93718302252066,55.9081471486069,12850.760041280835,,,False,,nan,inverse_logistic_from_flux_numeric,13447.628069738197,1418562.313621601,10.00563742015651,1.0726093133481458,nan,1.0,303.0
229.08373193066944,55.80873181449744,12214.638661895666,,,False,,nan,inverse_logistic_from_flux_numeric,13447.628069738197,1418562.313621601,10.00563742015651,1.0726093133481458,nan,1.0,303.0
229.15517046732438,55.759162272592725,12499.71786351112,,,False,,nan,inverse_logistic_from_flux_numeric,13447.628069738197,1418562.313621601,10.00563742015651,1.0726093133481458,nan,1.0,303.0
227.96227513311928,56.56215991073353,12304.276085361906,,,False,,nan,inverse_logistic_from_flux_numeric,13447.628069738197,1418562.313621601,10.00563742015651,1.0726093133481458,nan,1.0,303.0
228.25959957784383,56.365711091518165,12034.043827301777,,,False,,nan,inverse_logistic_from_flux_numeric,13447.628069738197,1418562.313621601,10.00563742015651,1.0726093133481458,nan,1.0,303.0
228.86005079479662,55.963233744573124,11954.978555691478,,,False,,nan,inverse_logistic_from_flux_numeric,13447.628069738197,1418562.313621601,10.00563742015651,1.0726093133481458,nan,1.0,303.0
228.93738324437803,55.909746252586714,11964.819127527559,,,False,,nan,inverse_logistic_from_flux_numeric,13447.628069738197,1418562.313621601,10.00563742015651,1.0726093133481458,nan,1.0,303.0
227.9617561431398,56.56329127372511,12094.117012090483,,,False,,nan,inverse_logistic_from_flux_numeric,13447.628069738197,1418562.313621601,10.00563742015651,1.0726093133481458,nan,1.0,303.0
228.417539948798,56.262920224851314,12047.585784854238,,,False,,nan,inverse_logistic_from_flux_numeric,13447.628069738197,1418562.313621601,10.00563742015651,1.0726093133481458,nan,1.0,303.0
228.23373041322046,56.38812483992695,12343.31609062304,,,False,,nan,inverse_logistic_from_flux_numeric,13447.628069738197,1418562.313621601,10.00563742015651,1.0726093133481458,nan,1.0,303.0
228.2427676444864,56.38274761940744,13140.216788081778,,,False,,nan,inverse_logistic_from_flux_numeric,13447.628069738197,1418562.313621601,10.00563742015651,1.0726093133481458,nan,1.0,303.0
228.94482394302935,55.91013533009518,12073.463029626952,,,False,,nan,inverse_logistic_from_flux_numeric,13447.628069738197,1418562.313621601,10.00563742015651,1.0726093133481458,nan,1.0,303.0
229.18078786576984,55.74873352028247,12049.420065336499,,,False,,nan,inverse_logistic_from_flux_numeric,13447.628069738197,1418562.313621601,10.00563742015651,1.0726093133481458,nan,1.0,303.0
228.48814695609363,56.22216836425193,12225.25559089022,,,False,,nan,inverse_logistic_from_flux_numeric,13447.628069738197,1418562.313621601,10.00563742015651,1.0726093133481458,nan,1.0,303.0
228.0286527301437,56.52711958467338,12699.830267893187,,,False,,nan,inverse_logistic_from_flux_numeric,13447.628069738197,1418562.313621601,10.00563742015651,1.0726093133481458,nan,1.0,303.0
227.9990676913472,56.54754652622903,12319.094834766314,,,False,,nan,inverse_logistic_from_flux_numeric,13447.628069738197,1418562.313621601,10.00563742015651,1.0726093133481458,nan,1.0,303.0
228.00414111937746,56.54418002559338,24542.00857781984,14.521,0.726,False,,14.51194589380119,inverse_logistic_from_flux_numeric,13447.628069738197,1418562.313621601,10.00563742015651,1.0726093133481458,nan,1.0,303.0
228.82677207131547,55.96077539750488,12475.071007627908,,,False,,nan,inverse_logistic_from_flux_numeric,13447.628069738197,1418562.313621601,10.00563742015651,1.0726093133481458,nan,1.0,303.0
229.06910310119355,55.82910045277418,12141.382699995676,,,False,,nan,inverse_logistic_from_flux_numeric,13447.628069738197,1418562.313621601,10.00563742015651,1.0726093133481458,nan,1.0,303.0
229.05927451878395,55.836071227767924,17948.586458295373,15.857,1.113,False,,15.357423364319057,inverse_logistic_from_flux_numeric,13447.628069738197,1418562.313621601,10.00563742015651,1.0726093133481458,nan,1.0,303.0
228.0178668498862,56.536463514536855,18791.429268102722,,,False,,15.196834759436488,inverse_logistic_from_flux_numeric,13447.628069738197,1418562.313621601,10.00563742015651,1.0726093133481458,nan,1.0,303.0
228.60264298502,56.14785530111944,14526.500611856407,16.33,0.72,False,,16.691379795776754,inverse_logistic_from_flux_numeric,13447.628069738197,1418562.313621601,10.00563742015651,1.0726093133481458,nan,1.0,303.0
228.9078253681795,55.94146974042983,12093.908837455896,,,False,,nan,inverse_logistic_from_flux_numeric,13447.628069738197,1418562.313621601,10.00563742015651,1.0726093133481458,nan,1.0,303.0
228.04970745326483,56.516715671482274,14349.780853591627,,,False,,16.858275419946928,inverse_logistic_from_flux_numeric,13447.628069738197,1418562.313621601,10.00563742015651,1.0726093133481458,nan,1.0,303.0
228.87286037972765,55.966044203521854,12061.994922242466,,,False,,nan,inverse_logistic_from_flux_numeric,13447.628069738197,1418562.313621601,10.00563742015651,1.0726093133481458,nan,1.0,303.0
228.0291822993159,56.534029564763834,14731.254322669085,,,False,,16.529234669881426,inverse_logistic_from_flux_numeric,13447.628069738197,1418562.313621601,10.00563742015651,1.0726093133481458,nan,1.0,303.0
228.92604524971009,55.93347379959218,11872.665594800317,,,False,,nan,inverse_logistic_from_flux_numeric,13447.628069738197,1418562.313621601,10.00563742015651,1.0726093133481458,nan,1.0,303.0
228.87633077692345,55.96855463518838,11942.228023635542,,,False,,nan,inverse_logistic_from_flux_numeric,13447.628069738197,1418562.313621601,10.00563742015651,1.0726093133481458,nan,1.0,303.0
228.89163742560982,55.9547787124423,12347.320380454401,,,False,,nan,inverse_logistic_from_flux_numeric,13447.628069738197,1418562.313621601,10.00563742015651,1.0726093133481458,nan,1.0,303.0
228.3545906269115,56.320923532192936,12048.442962959109,,,False,,nan,inverse_logistic_from_flux_numeric,13447.628069738197,1418562.313621601,10.00563742015651,1.0726093133481458,nan,1.0,303.0
228.4178010608109,56.279717256738095,16048.828385641713,,,False,,15.869886570109923,inverse_logistic_from_flux_numeric,13447.628069738197,1418562.313621601,10.00563742015651,1.0726093133481458,nan,1.0,303.0
228.9631644072046,55.9117302686025,11927.530824297211,,,False,,nan,inverse_logistic_from_flux_numeric,13447.628069738197,1418562.313621601,10.00563742015651,1.0726093133481458,nan,1.0,303.0
228.94044276503172,55.928624411928666,26672.08401024104,14.558,0.777,False,,14.346780167676116,inverse_logistic_from_flux_numeric,13447.628069738197,1418562.313621601,10.00563742015651,1.0726093133481458,nan,1.0,303.0
229.01401373734518,55.8789630308798,16314.562020974101,16.046,1.073,False,,15.779024373684155,inverse_logistic_from_flux_numeric,13447.628069738197,1418562.313621601,10.00563742015651,1.0726093133481458,nan,1.0,303.0
228.43900514285218,56.26942163795253,12884.950056964177,,,False,,nan,inverse_logistic_from_flux_numeric,13447.628069738197,1418562.313621601,10.00563742015651,1.0726093133481458,nan,1.0,303.0
229.19002384085232,55.758247051070114,12380.753147484922,,,False,,nan,inverse_logistic_from_flux_numeric,13447.628069738197,1418562.313621601,10.00563742015651,1.0726093133481458,nan,1.0,303.0
228.29841182061548,56.36316926385969,12031.913999441584,,,False,,nan,inverse_logistic_from_flux_numeric,13447.628069738197,1418562.313621601,10.00563742015651,1.0726093133481458,nan,1.0,303.0
228.50556192528325,56.22504870574635,16711.83004338182,15.61,0.878,False,,15.657772850084786,inverse_logistic_from_flux_numeric,13447.628069738197,1418562.313621601,10.00563742015651,1.0726093133481458,nan,1.0,303.0
228.29728815749982,56.36382738173935,12064.474459420295,,,False,,nan,inverse_logistic_from_flux_numeric,13447.628069738197,1418562.313621601,10.00563742015651,1.0726093133481458,nan,1.0,303.0
228.90453224252343,55.95718070514639,12113.623148319184,,,False,,nan,inverse_logistic_from_flux_numeric,13447.628069738197,1418562.313621601,10.00563742015651,1.0726093133481458,nan,1.0,303.0
228.41615861475753,56.287305817959464,604224.0303514381,10.283,0.575,False,,10.304850049774885,inverse_logistic_from_flux_numeric,13447.628069738197,1418562.313621601,10.00563742015651,1.0726093133481458,nan,1.0,303.0
228.75229431701774,56.06119559834906,16326.480969531804,,,True,ZTF J151500.50+560340.4,15.775148529099205,inverse_logistic_from_flux_numeric,13447.628069738197,1418562.313621601,10.00563742015651,1.0726093133481458,nan,1.0,303.0
228.5747452657079,56.18226832060898,13119.985212024796,,,False,,nan,inverse_logistic_from_flux_numeric,13447.628069738197,1418562.313621601,10.00563742015651,1.0726093133481458,nan,1.0,303.0
228.69161711776584,56.104111684707554,55490.18510434231,13.212,0.543,False,,13.2489562483055,inverse_logistic_from_flux_numeric,13447.628069738197,1418562.313621601,10.00563742015651,1.0726093133481458,nan,1.0,303.0
228.83425331542264,56.00703007045491,23030.214105028517,14.775,0.45,False,,14.64953105064955,inverse_logistic_from_flux_numeric,13447.628069738197,1418562.313621601,10.00563742015651,1.0726093133481458,nan,1.0,303.0
229.1066822794947,55.82230040413806,50481.53629190639,13.548,0.871,False,,13.370637302099059,inverse_logistic_from_flux_numeric,13447.628069738197,1418562.313621601,10.00563742015651,1.0726093133481458,nan,1.0,303.0
229.22769321253196,55.740081310234615,11894.328011281881,,,False,,nan,inverse_logistic_from_flux_numeric,13447.628069738197,1418562.313621601,10.00563742015651,1.0726093133481458,nan,1.0,303.0
228.13211659417286,56.48169055337029,12273.574649040404,,,False,,nan,inverse_logistic_from_flux_numeric,13447.628069738197,1418562.313621601,10.00563742015651,1.0726093133481458,nan,1.0,303.0
228.58213823351832,56.18164565776473,12016.233333584441,,,False,,nan,inverse_logistic_from_flux_numeric,13447.628069738197,1418562.313621601,10.00563742015651,1.0726093133481458,nan,1.0,303.0
228.25383396667715,56.401578368219965,12603.866485264774,,,False,,nan,inverse_logistic_from_flux_numeric,13447.628069738197,1418562.313621601,10.00563742015651,1.0726093133481458,nan,1.0,303.0
229.07734263972995,55.8451229460438,14294.101162498639,,,False,,16.91770537721063,inverse_logistic_from_flux_numeric,13447.628069738197,1418562.313621601,10.00563742015651,1.0726093133481458,nan,1.0,303.0
228.66144644508566,56.130396243193445,12026.22375923286,,,False,,nan,inverse_logistic_from_flux_numeric,13447.628069738197,1418562.313621601,10.00563742015651,1.0726093133481458,nan,1.0,303.0
228.6776784969965,56.11617725875619,12329.706684195506,,,False,,nan,inverse_logistic_from_flux_numeric,13447.628069738197,1418562.313621601,10.00563742015651,1.0726093133481458,nan,1.0,303.0
228.28895589881486,56.381743930266964,42175.02550450935,13.506,0.514,False,,13.613070348682285,inverse_logistic_from_flux_numeric,13447.628069738197,1418562.313621601,10.00563742015651,1.0726093133481458,nan,1.0,303.0
228.69992869957161,56.10663222778607,13025.988907468907,,,False,,nan,inverse_logistic_from_flux_numeric,13447.628069738197,1418562.313621601,10.00563742015651,1.0726093133481458,nan,1.0,303.0
229.24050233484675,55.73602838458381,53551.85682826187,13.339,0.561,False,,13.294286455988598,inverse_logistic_from_flux_numeric,13447.628069738197,1418562.313621601,10.00563742015651,1.0726093133481458,nan,1.0,303.0
228.699251233182,56.10816410917705,11997.04740378577,,,False,,nan,inverse_logistic_from_flux_numeric,13447.628069738197,1418562.313621601,10.00563742015651,1.0726093133481458,nan,1.0,303.0
228.70122293202758,56.107627790495734,12087.519006914394,,,False,,nan,inverse_logistic_from_flux_numeric,13447.628069738197,1418562.313621601,10.00563742015651,1.0726093133481458,nan,1.0,303.0
229.04856401720687,55.870024511914814,12010.259825522004,,,False,,nan,inverse_logistic_from_flux_numeric,13447.628069738197,1418562.313621601,10.00563742015651,1.0726093133481458,nan,1.0,303.0
228.97590107623347,55.92063623180465,11970.837252015506,,,False,,nan,inverse_logistic_from_flux_numeric,13447.628069738197,1418562.313621601,10.00563742015651,1.0726093133481458,nan,1.0,303.0
228.28191499788073,56.38953186532896,13330.177165934341,,,False,,nan,inverse_logistic_from_flux_numeric,13447.628069738197,1418562.313621601,10.00563742015651,1.0726093133481458,nan,1.0,303.0
229.0286665813703,55.885105920003,14272.292468569109,,,False,,16.942054811971595,inverse_logistic_from_flux_numeric,13447.628069738197,1418562.313621601,10.00563742015651,1.0726093133481458,nan,1.0,303.0
228.13435351761186,56.48778512495266,30717.87596594511,,,False,,14.095217621794465,inverse_logistic_from_flux_numeric,13447.628069738197,1418562.313621601,10.00563742015651,1.0726093133481458,nan,1.0,303.0
228.90790327700614,55.96981045360807,12263.842859198763,,,False,,nan,inverse_logistic_from_flux_numeric,13447.628069738197,1418562.313621601,10.00563742015651,1.0726093133481458,nan,1.0,303.0
228.57047261361834,56.19839005191528,15438.109625606156,,,False,,16.119774156314485,inverse_logistic_from_flux_numeric,13447.628069738197,1418562.313621601,10.00563742015651,1.0726093133481458,nan,1.0,303.0
228.66613374896087,56.13717041350115,12057.043018479515,,,False,,nan,inverse_logistic_from_flux_numeric,13447.628069738197,1418562.313621601,10.00563742015651,1.0726093133481458,nan,1.0,303.0
228.1423743683594,56.48727047908378,12655.475575768558,,,False,,nan,inverse_logistic_from_flux_numeric,13447.628069738197,1418562.313621601,10.00563742015651,1.0726093133481458,nan,1.0,303.0
229.08579598977153,55.85141001554071,11999.487196001173,,,False,,nan,inverse_logistic_from_flux_numeric,13447.628069738197,1418562.313621601,10.00563742015651,1.0726093133481458,nan,1.0,303.0
229.24282967915423,55.7464105501518,12063.518421577164,,,False,,nan,inverse_logistic_from_flux_numeric,13447.628069738197,1418562.313621601,10.00563742015651,1.0726093133481458,nan,1.0,303.0
229.2045673949453,55.77335835902041,15009.109251011634,,,False,,16.346368731014167,inverse_logistic_from_flux_numeric,13447.628069738197,1418562.313621601,10.00563742015651,1.0726093133481458,nan,1.0,303.0
227.99208368031896,56.59186985864579,16908.037194881184,,,False,,15.603222247170578,inverse_logistic_from_flux_numeric,13447.628069738197,1418562.313621601,10.00563742015651,1.0726093133481458,nan,1.0,303.0
228.57124187087945,56.20828065621164,15634.658660280766,16.064,1.175,False,,16.031850044604226,inverse_logistic_from_flux_numeric,13447.628069738197,1418562.313621601,10.00563742015651,1.0726093133481458,nan,1.0,303.0
228.47914330340313,56.27060556784441,19685.41343105861,15.15,0.824,False,,15.052022625661287,inverse_logistic_from_flux_numeric,13447.628069738197,1418562.313621601,10.00563742015651,1.0726093133481458,nan,1.0,303.0
228.23687744522897,56.43292718108675,16364.444971149956,,,False,,15.762909144808276,inverse_logistic_from_flux_numeric,13447.628069738197,1418562.313621601,10.00563742015651,1.0726093133481458,nan,1.0,303.0
228.97314221116895,55.94214788116054,12180.777571050194,,,False,,nan,inverse_logistic_from_flux_numeric,13447.628069738197,1418562.313621601,10.00563742015651,1.0726093133481458,nan,1.0,303.0
228.10496035848396,56.52697933608086,20012.644413125465,15.208,1.02,False,,15.004135908026619,inverse_logistic_from_flux_numeric,13447.628069738197,1418562.313621601,10.00563742015651,1.0726093133481458,nan,1.0,303.0
229.2587813801752,55.74784342485194,11987.92874570525,,,False,,nan,inverse_logistic_from_flux_numeric,13447.628069738197,1418562.313621601,10.00563742015651,1.0726093133481458,nan,1.0,303.0
228.22369550193764,56.45026509156139,11949.634288682722,,,False,,nan,inverse_logistic_from_flux_numeric,13447.628069738197,1418562.313621601,10.00563742015651,1.0726093133481458,nan,1.0,303.0
229.21218236502588,55.780138543762156,39787.322559733664,13.95,0.947,False,,13.695586360086875,inverse_logistic_from_flux_numeric,13447.628069738197,1418562.313621601,10.00563742015651,1.0726093133481458,nan,1.0,303.0
228.7916128594264,56.070440296754334,12188.365733848672,,,False,,nan,inverse_logistic_from_flux_numeric,13447.628069738197,1418562.313621601,10.00563742015651,1.0726093133481458,nan,1.0,303.0
228.7924868310528,56.06957940388639,12136.633932101486,,,False,,nan,inverse_logistic_from_flux_numeric,13447.628069738197,1418562.313621601,10.00563742015651,1.0726093133481458,nan,1.0,303.0
229.02945043570512,55.90795841538218,12063.640689378979,,,False,,nan,inverse_logistic_from_flux_numeric,13447.628069738197,1418562.313621601,10.00563742015651,1.0726093133481458,nan,1.0,303.0
228.79041064136374,56.071710941336995,11927.450080902776,,,False,,nan,inverse_logistic_from_flux_numeric,13447.628069738197,1418562.313621601,10.00563742015651,1.0726093133481458,nan,1.0,303.0
228.8122098643192,56.057101241363654,11889.939572049283,,,False,,nan,inverse_logistic_from_flux_numeric,13447.628069738197,1418562.313621601,10.00563742015651,1.0726093133481458,nan,1.0,303.0
228.79228433297183,56.07107436585842,11930.978243796455,,,False,,nan,inverse_logistic_from_flux_numeric,13447.628069738197,1418562.313621601,10.00563742015651,1.0726093133481458,nan,1.0,303.0
229.24874219473764,55.75888322354755,11955.848887774062,,,False,,nan,inverse_logistic_from_flux_numeric,13447.628069738197,1418562.313621601,10.00563742015651,1.0726093133481458,nan,1.0,303.0
229.00703004105014,55.92687399862712,11843.576852901655,,,False,,nan,inverse_logistic_from_flux_numeric,13447.628069738197,1418562.313621601,10.00563742015651,1.0726093133481458,nan,1.0,303.0
229.2638846788719,55.74916251529526,47671.460593256474,13.723,1.129,False,,13.44612013876441,inverse_logistic_from_flux_numeric,13447.628069738197,1418562.313621601,10.00563742015651,1.0726093133481458,nan,1.0,303.0
228.29606909001185,56.40702417419189,14034.960334412493,,,False,,17.25862376445668,inverse_logistic_from_flux_numeric,13447.628069738197,1418562.313621601,10.00563742015651,1.0726093133481458,nan,1.0,303.0
229.12147346962223,55.84870979724337,125086.938242146,12.288,0.663,False,,12.28961417119092,inverse_logistic_from_flux_numeric,13447.628069738197,1418562.313621601,10.00563742015651,1.0726093133481458,nan,1.0,303.0
228.30314418385166,56.40348251365819,12792.48283216423,,,False,,nan,inverse_logistic_from_flux_numeric,13447.628069738197,1418562.313621601,10.00563742015651,1.0726093133481458,nan,1.0,303.0
228.12409856995194,56.514706893054154,12258.825410912255,,,False,,nan,inverse_logistic_from_flux_numeric,13447.628069738197,1418562.313621601,10.00563742015651,1.0726093133481458,nan,1.0,303.0
228.4164711786376,56.32872501142514,12857.52701148801,,,False,,nan,inverse_logistic_from_flux_numeric,13447.628069738197,1418562.313621601,10.00563742015651,1.0726093133481458,nan,1.0,303.0
228.77061862096994,56.091507638096196,12596.46450081102,,,False,,nan,inverse_logistic_from_flux_numeric,13447.628069738197,1418562.313621601,10.00563742015651,1.0726093133481458,nan,1.0,303.0
228.57754763141753,56.223046203526,114164.02759146199,12.273,0.678,False,,12.393448579685689,inverse_logistic_from_flux_numeric,13447.628069738197,1418562.313621601,10.00563742015651,1.0726093133481458,nan,1.0,303.0
228.42806874411477,56.323516080572816,12243.693943497306,,,False,,nan,inverse_logistic_from_flux_numeric,13447.628069738197,1418562.313621601,10.00563742015651,1.0726093133481458,nan,1.0,303.0
228.43704384573172,56.31842031358143,12317.34413489816,,,False,,nan,inverse_logistic_from_flux_numeric,13447.628069738197,1418562.313621601,10.00563742015651,1.0726093133481458,nan,1.0,303.0
228.43711079289523,56.31958557087273,11949.37157992976,,,False,,nan,inverse_logistic_from_flux_numeric,13447.628069738197,1418562.313621601,10.00563742015651,1.0726093133481458,nan,1.0,303.0
229.04853874512324,55.90501085829371,12037.841919638075,,,False,,nan,inverse_logistic_from_flux_numeric,13447.628069738197,1418562.313621601,10.00563742015651,1.0726093133481458,nan,1.0,303.0
228.47372387083436,56.14819707453168,12462.571195521834,,,False,,nan,inverse_logistic_from_flux_numeric,13447.628069738197,1418562.313621601,10.00563742015651,1.0726093133481458,nan,1.0,303.0
229.04787020626165,55.90594147913554,12137.980821221014,,,False,,nan,inverse_logistic_from_flux_numeric,13447.628069738197,1418562.313621601,10.00563742015651,1.0726093133481458,nan,1.0,303.0
228.43764134422258,56.323421570632476,14829.710868449198,,,False,,16.460269494130507,inverse_logistic_from_flux_numeric,13447.628069738197,1418562.313621601,10.00563742015651,1.0726093133481458,nan,1.0,303.0
228.48412077324863,56.29267747380693,12897.755087180338,,,False,,nan,inverse_logistic_from_flux_numeric,13447.628069738197,1418562.313621601,10.00563742015651,1.0726093133481458,nan,1.0,303.0
228.2753958934617,56.43197742568667,14433.235836301941,,,False,,16.77573463256541,inverse_logistic_from_flux_numeric,13447.628069738197,1418562.313621601,10.00563742015651,1.0726093133481458,nan,1.0,303.0
228.62432942880196,56.199103361988364,16422.363747948482,15.761,0.691,False,,15.74453938586964,inverse_logistic_from_flux_numeric,13447.628069738197,1418562.313621601,10.00563742015651,1.0726093133481458,nan,1.0,303.0
229.18740400078977,55.81522743384288,11902.537992371183,,,False,,nan,inverse_logistic_from_flux_numeric,13447.628069738197,1418562.313621601,10.00563742015651,1.0726093133481458,nan,1.0,303.0
228.72803828643828,56.132883050703654,11974.242068346019,,,False,,nan,inverse_logistic_from_flux_numeric,13447.628069738197,1418562.313621601,10.00563742015651,1.0726093133481458,nan,1.0,303.0
228.35068450634807,56.38593143488177,18120.159587426406,15.322,0.877,False,,15.322430975273623,inverse_logistic_from_flux_numeric,13447.628069738197,1418562.313621601,10.00563742015651,1.0726093133481458,nan,1.0,303.0
229.16700981209897,55.83283635521996,12898.546970321246,,,False,,nan,inverse_logistic_from_flux_numeric,13447.628069738197,1418562.313621601,10.00563742015651,1.0726093133481458,nan,1.0,303.0
228.34215336239038,56.3940668110915,32354.50757853107,13.967,0.603,False,,14.009705999707894,inverse_logistic_from_flux_numeric,13447.628069738197,1418562.313621601,10.00563742015651,1.0726093133481458,nan,1.0,303.0
229.08448681961988,55.892056354567984,27076.092202159773,,,True,Gaia DR3 1600700849130228736,14.318453899466991,inverse_logistic_from_flux_numeric,13447.628069738197,1418562.313621601,10.00563742015651,1.0726093133481458,nan,1.0,303.0
228.81723897163133,56.07635669017606,12002.575727191053,,,False,,nan,inverse_logistic_from_flux_numeric,13447.628069738197,1418562.313621601,10.00563742015651,1.0726093133481458,nan,1.0,303.0
229.03769211818832,55.925752174652565,14705.340129168548,,,False,,16.548266107814243,inverse_logistic_from_flux_numeric,13447.628069738197,1418562.313621601,10.00563742015651,1.0726093133481458,nan,1.0,303.0
228.40217780688795,56.355744433364386,19540.254163969195,15.072,0.506,False,,15.074071445453654,inverse_logistic_from_flux_numeric,13447.628069738197,1418562.313621601,10.00563742015651,1.0726093133481458,nan,1.0,303.0
228.39846015573917,56.3594830664748,12367.567748323112,,,False,,nan,inverse_logistic_from_flux_numeric,13447.628069738197,1418562.313621601,10.00563742015651,1.0726093133481458,nan,1.0,303.0
228.72028102973724,56.14381683580458,12001.494123950193,,,False,,nan,inverse_logistic_from_flux_numeric,13447.628069738197,1418562.313621601,10.00563742015651,1.0726093133481458,nan,1.0,303.0
229.24792484385276,55.781409817302006,38987.36971250895,13.885,0.799,False,,13.724880703461768,inverse_logistic_from_flux_numeric,13447.628069738197,1418562.313621601,10.00563742015651,1.0726093133481458,nan,1.0,303.0
228.2579622671464,56.45332719737783,12412.191674098185,,,False,,nan,inverse_logistic_from_flux_numeric,13447.628069738197,1418562.313621601,10.00563742015651,1.0726093133481458,nan,1.0,303.0
228.46539681138296,56.315955078970376,12126.206689238465,,,False,,nan,inverse_logistic_from_flux_numeric,13447.628069738197,1418562.313621601,10.00563742015651,1.0726093133481458,nan,1.0,303.0
228.92958886100232,56.00218581319234,11994.288339268447,,,False,,nan,inverse_logistic_from_flux_numeric,13447.628069738197,1418562.313621601,10.00563742015651,1.0726093133481458,nan,1.0,303.0
228.96058211046252,55.98281852469856,11977.477263344406,,,False,,nan,inverse_logistic_from_flux_numeric,13447.628069738197,1418562.313621601,10.00563742015651,1.0726093133481458,nan,1.0,303.0
228.40689849797837,56.35989034329649,12017.141902281986,,,False,,nan,inverse_logistic_from_flux_numeric,13447.628069738197,1418562.313621601,10.00563742015651,1.0726093133481458,nan,1.0,303.0
229.0793408202328,55.90397410311895,57402.46952932232,13.34,0.777,False,,13.206178029566495,inverse_logistic_from_flux_numeric,13447.628069738197,1418562.313621601,10.00563742015651,1.0726093133481458,nan,1.0,303.0
229.00525094658752,55.95525392764516,18843.11719656653,15.286,0.572,False,,15.187825934409574,inverse_logistic_from_flux_numeric,13447.628069738197,1418562.313621601,10.00563742015651,1.0726093133481458,nan,1.0,303.0
228.476295639553,56.314041773205176,57892.6850844312,13.047,0.506,False,,13.195502020801005,inverse_logistic_from_flux_numeric,13447.628069738197,1418562.313621601,10.00563742015651,1.0726093133481458,nan,1.0,303.0
228.75619186482558,56.130090870405205,12264.96378319909,,,False,,nan,inverse_logistic_from_flux_numeric,13447.628069738197,1418562.313621601,10.00563742015651,1.0726093133481458,nan,1.0,303.0
228.64648099038558,56.20448532809493,12386.952489214875,,,False,,nan,inverse_logistic_from_flux_numeric,13447.628069738197,1418562.313621601,10.00563742015651,1.0726093133481458,nan,1.0,303.0
229.19724219870696,55.82914950583092,14926.328874797537,16.192,1.097,False,,16.397207330743797,inverse_logistic_from_flux_numeric,13447.628069738197,1418562.313621601,10.00563742015651,1.0726093133481458,nan,1.0,303.0
228.94011946543893,56.00701664119342,11986.378887470188,,,False,,nan,inverse_logistic_from_flux_numeric,13447.628069738197,1418562.313621601,10.00563742015651,1.0726093133481458,nan,1.0,303.0
228.93265564763158,56.01363535258574,27110.653804519217,14.342,0.489,False,,14.316069420244844,inverse_logistic_from_flux_numeric,13447.628069738197,1418562.313621601,10.00563742015651,1.0726093133481458,nan,1.0,303.0
228.36047863132026,56.40048508035264,12066.811079933283,,,False,,nan,inverse_logistic_from_flux_numeric,13447.628069738197,1418562.313621601,10.00563742015651,1.0726093133481458,nan,1.0,303.0
228.1666733214055,56.53058321810192,15880.37212948114,16.059,0.971,False,,15.932419346712198,inverse_logistic_from_flux_numeric,13447.628069738197,1418562.313621601,10.00563742015651,1.0726093133481458,nan,1.0,303.0
228.55440719803988,56.27401537340816,12359.747566771941,,,False,,nan,inverse_logistic_from_flux_numeric,13447.628069738197,1418562.313621601,10.00563742015651,1.0726093133481458,nan,1.0,303.0
229.1145551630311,55.89414916049126,17769.191707888705,15.482,0.626,False,,15.395462502654027,inverse_logistic_from_flux_numeric,13447.628069738197,1418562.313621601,10.00563742015651,1.0726093133481458,nan,1.0,303.0
228.45121855650538,56.34503193955553,14276.723581954164,,,False,,16.93705578451401,inverse_logistic_from_flux_numeric,13447.628069738197,1418562.313621601,10.00563742015651,1.0726093133481458,nan,1.0,303.0
229.27378731965766,55.78682864894329,11870.123864722427,,,False,,nan,inverse_logistic_from_flux_numeric,13447.628069738197,1418562.313621601,10.00563742015651,1.0726093133481458,nan,1.0,303.0
229.29968549747545,55.77026453602456,13901.166789029017,,,False,,17.499723020828398,inverse_logistic_from_flux_numeric,13447.628069738197,1418562.313621601,10.00563742015651,1.0726093133481458,nan,1.0,303.0
228.06111116392407,56.607758091460965,12062.38204633274,,,False,,nan,inverse_logistic_from_flux_numeric,13447.628069738197,1418562.313621601,10.00563742015651,1.0726093133481458,nan,1.0,303.0
228.15965845180267,56.543994485742104,12337.247376192483,,,False,,nan,inverse_logistic_from_flux_numeric,13447.628069738197,1418562.313621601,10.00563742015651,1.0726093133481458,nan,1.0,303.0
228.62374077943622,56.23501501803578,11998.583829246847,,,False,,nan,inverse_logistic_from_flux_numeric,13447.628069738197,1418562.313621601,10.00563742015651,1.0726093133481458,nan,1.0,303.0
228.6307659835023,56.22997043641245,12285.383298022405,,,False,,nan,inverse_logistic_from_flux_numeric,13447.628069738197,1418562.313621601,10.00563742015651,1.0726093133481458,nan,1.0,303.0
228.63012851640346,56.231152587281485,12086.539059537068,,,False,,nan,inverse_logistic_from_flux_numeric,13447.628069738197,1418562.313621601,10.00563742015651,1.0726093133481458,nan,1.0,303.0
228.3469451987482,56.42132740493795,12246.208292805688,,,False,,nan,inverse_logistic_from_flux_numeric,13447.628069738197,1418562.313621601,10.00563742015651,1.0726093133481458,nan,1.0,303.0
228.47901978094686,56.33300684679732,12004.107821526728,,,False,,nan,inverse_logistic_from_flux_numeric,13447.628069738197,1418562.313621601,10.00563742015651,1.0726093133481458,nan,1.0,303.0
228.6277899263314,56.233301353379524,12171.17140689256,,,False,,nan,inverse_logistic_from_flux_numeric,13447.628069738197,1418562.313621601,10.00563742015651,1.0726093133481458,nan,1.0,303.0
228.63035461275058,56.23248929159248,12014.502621574977,,,False,,nan,inverse_logistic_from_flux_numeric,13447.628069738197,1418562.313621601,10.00563742015651,1.0726093133481458,nan,1.0,303.0
228.8442445470456,56.09088325028551,11978.865847427869,,,False,,nan,inverse_logistic_from_flux_numeric,13447.628069738197,1418562.313621601,10.00563742015651,1.0726093133481458,nan,1.0,303.0
228.41008589605,56.38602562926658,16363.520047834238,15.654,0.577,False,,15.76320544108182,inverse_logistic_from_flux_numeric,13447.628069738197,1418562.313621601,10.00563742015651,1.0726093133481458,nan,1.0,303.0
229.30363007903014,55.77916740754377,26112.97334081233,,,True,Gaia DR3 1600685833924594560,14.387428616009725,inverse_logistic_from_flux_numeric,13447.628069738197,1418562.313621601,10.00563742015651,1.0726093133481458,nan,1.0,303.0
228.9517414805742,56.02531273769539,12230.999838029256,,,False,,nan,inverse_logistic_from_flux_numeric,13447.628069738197,1418562.313621601,10.00563742015651,1.0726093133481458,nan,1.0,303.0
228.57599583466794,56.281124980436715,13273.256657150974,,,False,,nan,inverse_logistic_from_flux_numeric,13447.628069738197,1418562.313621601,10.00563742015651,1.0726093133481458,nan,1.0,303.0
228.78379947126814,56.14213388972835,13422.521958778345,,,False,,nan,inverse_logistic_from_flux_numeric,13447.628069738197,1418562.313621601,10.00563742015651,1.0726093133481458,nan,1.0,303.0
228.78971069865227,56.14280220956706,14330.515515084826,,,False,,16.878413120080758,inverse_logistic_from_flux_numeric,13447.628069738197,1418562.313621601,10.00563742015651,1.0726093133481458,nan,1.0,303.0
228.79769256588955,56.142308402125124,12246.43688799296,,,False,,nan,inverse_logistic_from_flux_numeric,13447.628069738197,1418562.313621601,10.00563742015651,1.0726093133481458,nan,1.0,303.0
228.093841355225,56.61216850353561,12614.183007781123,,,False,,nan,inverse_logistic_from_flux_numeric,13447.628069738197,1418562.313621601,10.00563742015651,1.0726093133481458,nan,1.0,303.0
228.99110665720335,56.011072376220795,953974.694304726,,,False,,9.348091148484208,inverse_logistic_from_flux_numeric,13447.628069738197,1418562.313621601,10.00563742015651,1.0726093133481458,nan,1.0,303.0
229.09150768611408,55.94241152279817,20432.240672492,15.162,0.844,False,,14.946095576565284,inverse_logistic_from_flux_numeric,13447.628069738197,1418562.313621601,10.00563742015651,1.0726093133481458,nan,1.0,303.0
228.34324329087133,56.44953712383685,11993.952112429455,,,False,,nan,inverse_logistic_from_flux_numeric,13447.628069738197,1418562.313621601,10.00563742015651,1.0726093133481458,nan,1.0,303.0
228.34965065789316,56.444567318320104,13717.262656139888,16.834,0.654,False,,17.984656253484474,inverse_logistic_from_flux_numeric,13447.628069738197,1418562.313621601,10.00563742015651,1.0726093133481458,nan,1.0,303.0
228.9598227619297,56.03505117583674,69902.6187112737,12.974,0.604,False,,12.964238306165026,inverse_logistic_from_flux_numeric,13447.628069738197,1418562.313621601,10.00563742015651,1.0726093133481458,nan,1.0,303.0
228.68340625348918,56.22308315514882,14599.834653010841,,,False,,16.630020501181278,inverse_logistic_from_flux_numeric,13447.628069738197,1418562.313621601,10.00563742015651,1.0726093133481458,nan,1.0,303.0
228.79787739240868,56.146683566470394,12033.284318376462,,,False,,nan,inverse_logistic_from_flux_numeric,13447.628069738197,1418562.313621601,10.00563742015651,1.0726093133481458,nan,1.0,303.0
229.1176434468145,55.92874306639718,14626.318557163673,,,False,,16.608816081783445,inverse_logistic_from_flux_numeric,13447.628069738197,1418562.313621601,10.00563742015651,1.0726093133481458,nan,1.0,303.0
229.3301857113628,55.78217178287215,11806.399858436893,,,False,,nan,inverse_logistic_from_flux_numeric,13447.628069738197,1418562.313621601,10.00563742015651,1.0726093133481458,nan,1.0,303.0
229.33549651496875,55.778460051734655,11642.307777059517,,,False,,nan,inverse_logistic_from_flux_numeric,13447.628069738197,1418562.313621601,10.00563742015651,1.0726093133481458,nan,1.0,303.0
229.10004619429563,55.941705848828924,11925.762661587622,,,False,,nan,inverse_logistic_from_flux_numeric,13447.628069738197,1418562.313621601,10.00563742015651,1.0726093133481458,nan,1.0,303.0
229.19136588334624,55.87907605101798,12374.343664645708,,,False,,nan,inverse_logistic_from_flux_numeric,13447.628069738197,1418562.313621601,10.00563742015651,1.0726093133481458,nan,1.0,303.0
228.8759866210105,56.097757625068766,15846.850806569193,,,False,,15.945377406321214,inverse_logistic_from_flux_numeric,13447.628069738197,1418562.313621601,10.00563742015651,1.0726093133481458,nan,1.0,303.0
229.24756510306946,55.84289183673304,14830.44177904868,16.161,0.676,False,,16.4597760916583,inverse_logistic_from_flux_numeric,13447.628069738197,1418562.313621601,10.00563742015651,1.0726093133481458,nan,1.0,303.0
228.08345629623665,56.63085638115102,12705.083943227846,,,False,,nan,inverse_logistic_from_flux_numeric,13447.628069738197,1418562.313621601,10.00563742015651,1.0726093133481458,nan,1.0,303.0
228.82297604277602,56.13727389980535,14255.842280910869,,,False,,16.96085111736801,inverse_logistic_from_flux_numeric,13447.628069738197,1418562.313621601,10.00563742015651,1.0726093133481458,nan,1.0,303.0
228.67229973930264,56.24249138388132,12092.432392779241,,,False,,nan,inverse_logistic_from_flux_numeric,13447.628069738197,1418562.313621601,10.00563742015651,1.0726093133481458,nan,1.0,303.0
228.6175190684799,56.28008768834996,12370.859540524769,,,False,,nan,inverse_logistic_from_flux_numeric,13447.628069738197,1418562.313621601,10.00563742015651,1.0726093133481458,nan,1.0,303.0
228.61646320676357,56.28242838112098,12364.32054955747,,,False,,nan,inverse_logistic_from_flux_numeric,13447.628069738197,1418562.313621601,10.00563742015651,1.0726093133481458,nan,1.0,303.0
229.2434416587225,55.85433694627171,12355.905188034765,,,False,,nan,inverse_logistic_from_flux_numeric,13447.628069738197,1418562.313621601,10.00563742015651,1.0726093133481458,nan,1.0,303.0
228.19026208453442,56.56701271557805,12021.11026935036,,,False,,nan,inverse_logistic_from_flux_numeric,13447.628069738197,1418562.313621601,10.00563742015651,1.0726093133481458,nan,1.0,303.0
229.03157777451585,56.001806108245546,50294.77480791352,13.87,1.303,False,,13.37547806654754,inverse_logistic_from_flux_numeric,13447.628069738197,1418562.313621601,10.00563742015651,1.0726093133481458,nan,1.0,303.0
228.27543584070833,56.51200183993506,13587.287600623713,,,False,,18.59806938246369,inverse_logistic_from_flux_numeric,13447.628069738197,1418562.313621601,10.00563742015651,1.0726093133481458,nan,1.0,303.0
229.27936321817006,55.832595886105395,12973.449858029051,,,False,,nan,inverse_logistic_from_flux_numeric,13447.628069738197,1418562.313621601,10.00563742015651,1.0726093133481458,nan,1.0,303.0
228.44206739869136,56.404370359613054,13807.395962724468,,,False,,17.71572740816879,inverse_logistic_from_flux_numeric,13447.628069738197,1418562.313621601,10.00563742015651,1.0726093133481458,nan,1.0,303.0
228.48110947759784,56.378352239373456,14901.938763863996,,,False,,16.412729483337863,inverse_logistic_from_flux_numeric,13447.628069738197,1418562.313621601,10.00563742015651,1.0726093133481458,nan,1.0,303.0
229.21766549008507,55.87793392786964,12647.790690830823,,,False,,nan,inverse_logistic_from_flux_numeric,13447.628069738197,1418562.313621601,10.00563742015651,1.0726093133481458,nan,1.0,303.0
229.24792060232173,55.85816750088604,12038.930022511611,,,False,,nan,inverse_logistic_from_flux_numeric,13447.628069738197,1418562.313621601,10.00563742015651,1.0726093133481458,nan,1.0,303.0
229.29097091131905,55.82827777062029,14063.061945341613,,,False,,17.215032107147884,inverse_logistic_from_flux_numeric,13447.628069738197,1418562.313621601,10.00563742015651,1.0726093133481458,nan,1.0,303.0
228.85422786118085,56.12964834425426,14923.0902336972,16.299,0.316,False,,16.39925365172546,inverse_logistic_from_flux_numeric,13447.628069738197,1418562.313621601,10.00563742015651,1.0726093133481458,nan,1.0,303.0
228.99074683702116,56.03686269947696,11801.921726566236,,,False,,nan,inverse_logistic_from_flux_numeric,13447.628069738197,1418562.313621601,10.00563742015651,1.0726093133481458,nan,1.0,303.0
228.40052265106192,56.43529270022246,11979.156860236393,,,False,,nan,inverse_logistic_from_flux_numeric,13447.628069738197,1418562.313621601,10.00563742015651,1.0726093133481458,nan,1.0,303.0
228.40256993990937,56.43428052850685,12613.469992020622,,,False,,nan,inverse_logistic_from_flux_numeric,13447.628069738197,1418562.313621601,10.00563742015651,1.0726093133481458,nan,1.0,303.0
228.40327702744347,56.434219228966384,12745.926155409465,,,False,,nan,inverse_logistic_from_flux_numeric,13447.628069738197,1418562.313621601,10.00563742015651,1.0726093133481458,nan,1.0,303.0
229.05149844760794,55.99709593197432,14179.693218937806,,,False,,17.05316044870368,inverse_logistic_from_flux_numeric,13447.628069738197,1418562.313621601,10.00563742015651,1.0726093133481458,nan,1.0,303.0
228.64465222637142,56.27456949878422,12037.496948240103,,,False,,nan,inverse_logistic_from_flux_numeric,13447.628069738197,1418562.313621601,10.00563742015651,1.0726093133481458,nan,1.0,303.0
229.01641656304946,56.02224384434557,53000.073908995706,13.414,0.779,False,,13.30757964829225,inverse_logistic_from_flux_numeric,13447.628069738197,1418562.313621601,10.00563742015651,1.0726093133481458,nan,1.0,303.0
228.9522934357939,56.06730038289938,11897.888998473061,,,False,,nan,inverse_logistic_from_flux_numeric,13447.628069738197,1418562.313621601,10.00563742015651,1.0726093133481458,nan,1.0,303.0
229.25119970483658,55.86224892552979,27257.5388454421,14.675,1.035,False,,14.306001689576647,inverse_logistic_from_flux_numeric,13447.628069738197,1418562.313621601,10.00563742015651,1.0726093133481458,nan,1.0,303.0
228.2014821956926,56.57337788517327,14390.652410245071,,,False,,16.81693948225616,inverse_logistic_from_flux_numeric,13447.628069738197,1418562.313621601,10.00563742015651,1.0726093133481458,nan,1.0,303.0
228.44865359279564,56.41123439657963,12947.260957266806,,,False,,nan,inverse_logistic_from_flux_numeric,13447.628069738197,1418562.313621601,10.00563742015651,1.0726093133481458,nan,1.0,303.0
229.1880310678397,55.90970100573859,283605.20631985593,11.294,0.521,False,,11.34381778882421,inverse_logistic_from_flux_numeric,13447.628069738197,1418562.313621601,10.00563742015651,1.0726093133481458,nan,1.0,303.0
229.1964275702769,55.907960166833305,11886.765640230988,,,False,,nan,inverse_logistic_from_flux_numeric,13447.628069738197,1418562.313621601,10.00563742015651,1.0726093133481458,nan,1.0,303.0
228.45831705072933,56.40923266682769,179237.44515831477,11.621,0.435,False,,11.881065127521357,inverse_logistic_from_flux_numeric,13447.628069738197,1418562.313621601,10.00563742015651,1.0726093133481458,nan,1.0,303.0
229.08147965034541,55.988374094938806,12722.692561986638,,,False,,nan,inverse_logistic_from_flux_numeric,13447.628069738197,1418562.313621601,10.00563742015651,1.0726093133481458,nan,1.0,303.0
228.89221308002044,56.1189686841389,12060.724578703961,,,False,,nan,inverse_logistic_from_flux_numeric,13447.628069738197,1418562.313621601,10.00563742015651,1.0726093133481458,nan,1.0,303.0
229.20750462623727,55.903246856662314,12268.146274569992,,,False,,nan,inverse_logistic_from_flux_numeric,13447.628069738197,1418562.313621601,10.00563742015651,1.0726093133481458,nan,1.0,303.0
228.77663976608898,56.19846302975022,17756.700016807015,16.029,1.401,False,,15.398169594721228,inverse_logistic_from_flux_numeric,13447.628069738197,1418562.313621601,10.00563742015651,1.0726093133481458,nan,1.0,303.0
229.28222603503448,55.85358811928449,12294.862571003217,,,False,,nan,inverse_logistic_from_flux_numeric,13447.628069738197,1418562.313621601,10.00563742015651,1.0726093133481458,nan,1.0,303.0
228.62315163063536,56.30356592125847,13646.471044655567,,,False,,18.268639062656895,inverse_logistic_from_flux_numeric,13447.628069738197,1418562.313621601,10.00563742015651,1.0726093133481458,nan,1.0,303.0
229.06137050120358,56.00670618942635,12006.443887532178,,,False,,nan,inverse_logistic_from_flux_numeric,13447.628069738197,1418562.313621601,10.00563742015651,1.0726093133481458,nan,1.0,303.0
228.94898200053802,56.086091135949566,11888.280026928009,,,False,,nan,inverse_logistic_from_flux_numeric,13447.628069738197,1418562.313621601,10.00563742015651,1.0726093133481458,nan,1.0,303.0
228.44553239331825,56.42687290247274,14586.944154689689,,,False,,16.64051816923805,inverse_logistic_from_flux_numeric,13447.628069738197,1418562.313621601,10.00563742015651,1.0726093133481458,nan,1.0,303.0
228.69078392082596,56.26342203332329,13318.464379900166,,,False,,nan,inverse_logistic_from_flux_numeric,13447.628069738197,1418562.313621601,10.00563742015651,1.0726093133481458,nan,1.0,303.0
229.3083583696307,55.840840066427035,255124.66432559697,11.512,0.783,False,,11.470786099104423,inverse_logistic_from_flux_numeric,13447.628069738197,1418562.313621601,10.00563742015651,1.0726093133481458,nan,1.0,303.0
228.74676142735828,56.22661062308579,16328.710401639264,15.759,0.609,False,,15.774425332854449,inverse_logistic_from_flux_numeric,13447.628069738197,1418562.313621601,10.00563742015651,1.0726093133481458,nan,1.0,303.0
228.64599255525022,56.29623613253553,12156.538951972634,,,False,,nan,inverse_logistic_from_flux_numeric,13447.628069738197,1418562.313621601,10.00563742015651,1.0726093133481458,nan,1.0,303.0
228.30011191330084,56.52717614710906,14842.32003644552,16.093,0.568,False,,16.451793970718633,inverse_logistic_from_flux_numeric,13447.628069738197,1418562.313621601,10.00563742015651,1.0726093133481458,nan,1.0,303.0
229.01243902561149,56.048314061605204,28283.28757298352,14.328,0.437,False,,14.238516977503586,inverse_logistic_from_flux_numeric,13447.628069738197,1418562.313621601,10.00563742015651,1.0726093133481458,nan,1.0,303.0
228.70593473963066,56.25871882523236,12150.419214040861,,,False,,nan,inverse_logistic_from_flux_numeric,13447.628069738197,1418562.313621601,10.00563742015651,1.0726093133481458,nan,1.0,303.0
228.13063343329517,56.642122822502834,12231.820969341406,,,False,,nan,inverse_logistic_from_flux_numeric,13447.628069738197,1418562.313621601,10.00563742015651,1.0726093133481458,nan,1.0,303.0
228.70772376394513,56.25836186214218,11928.024219595802,,,False,,nan,inverse_logistic_from_flux_numeric,13447.628069738197,1418562.313621601,10.00563742015651,1.0726093133481458,nan,1.0,303.0
228.71386160272345,56.253357235522365,14159.782349093533,,,False,,17.07888194527868,inverse_logistic_from_flux_numeric,13447.628069738197,1418562.313621601,10.00563742015651,1.0726093133481458,nan,1.0,303.0
229.29116488142606,55.859420812822805,12020.70957974964,,,False,,nan,inverse_logistic_from_flux_numeric,13447.628069738197,1418562.313621601,10.00563742015651,1.0726093133481458,nan,1.0,303.0
228.71441240520986,56.25430227047461,12097.457129464676,,,False,,nan,inverse_logistic_from_flux_numeric,13447.628069738197,1418562.313621601,10.00563742015651,1.0726093133481458,nan,1.0,303.0
229.3359800974888,55.828680445030706,12320.139755953844,,,False,,nan,inverse_logistic_from_flux_numeric,13447.628069738197,1418562.313621601,10.00563742015651,1.0726093133481458,nan,1.0,303.0
228.53230625781245,56.37727715579467,12059.505663741438,,,False,,nan,inverse_logistic_from_flux_numeric,13447.628069738197,1418562.313621601,10.00563742015651,1.0726093133481458,nan,1.0,303.0
228.71047950919126,56.25696697251782,12551.560526562484,,,False,,nan,inverse_logistic_from_flux_numeric,13447.628069738197,1418562.313621601,10.00563742015651,1.0726093133481458,nan,1.0,303.0
228.15926657037156,56.6248464674852,12048.091249780777,,,False,,nan,inverse_logistic_from_flux_numeric,13447.628069738197,1418562.313621601,10.00563742015651,1.0726093133481458,nan,1.0,303.0
228.7123135417851,56.25675303361907,11941.093042023123,,,False,,nan,inverse_logistic_from_flux_numeric,13447.628069738197,1418562.313621601,10.00563742015651,1.0726093133481458,nan,1.0,303.0
228.71427647564607,56.25582432830205,11956.32392937233,,,False,,nan,inverse_logistic_from_flux_numeric,13447.628069738197,1418562.313621601,10.00563742015651,1.0726093133481458,nan,1.0,303.0
228.83615217427644,56.17174902913377,12221.163261545651,,,False,,nan,inverse_logistic_from_flux_numeric,13447.628069738197,1418562.313621601,10.00563742015651,1.0726093133481458,nan,1.0,303.0
228.15737489836656,56.625699051685,12141.83467478951,,,False,,nan,inverse_logistic_from_flux_numeric,13447.628069738197,1418562.313621601,10.00563742015651,1.0726093133481458,nan,1.0,303.0
228.83999533304979,56.17148395128227,11985.005072822092,,,False,,nan,inverse_logistic_from_flux_numeric,13447.628069738197,1418562.313621601,10.00563742015651,1.0726093133481458,nan,1.0,303.0
228.37026760423348,56.486640315898256,14845.997402353463,,,False,,16.449336564703515,inverse_logistic_from_flux_numeric,13447.628069738197,1418562.313621601,10.00563742015651,1.0726093133481458,nan,1.0,303.0
228.8463338166265,56.167589811822246,12159.73912328241,,,False,,nan,inverse_logistic_from_flux_numeric,13447.628069738197,1418562.313621601,10.00563742015651,1.0726093133481458,nan,1.0,303.0
228.64379655909642,56.30505962678916,12115.723724510173,,,False,,nan,inverse_logistic_from_flux_numeric,13447.628069738197,1418562.313621601,10.00563742015651,1.0726093133481458,nan,1.0,303.0
228.8435605787303,56.170027070846814,12263.814555738787,,,False,,nan,inverse_logistic_from_flux_numeric,13447.628069738197,1418562.313621601,10.00563742015651,1.0726093133481458,nan,1.0,303.0
229.31066329801718,55.849266357515575,12038.875616203559,,,False,,nan,inverse_logistic_from_flux_numeric,13447.628069738197,1418562.313621601,10.00563742015651,1.0726093133481458,nan,1.0,303.0
228.25607767260092,56.562852382819884,17157.71184619716,,,False,,15.538104617822444,inverse_logistic_from_flux_numeric,13447.628069738197,1418562.313621601,10.00563742015651,1.0726093133481458,nan,1.0,303.0
228.8448868670241,56.16965480358703,11967.035243527287,,,False,,nan,inverse_logistic_from_flux_numeric,13447.628069738197,1418562.313621601,10.00563742015651,1.0726093133481458,nan,1.0,303.0
228.24998061155446,56.5679667501775,12190.887284887214,,,False,,nan,inverse_logistic_from_flux_numeric,13447.628069738197,1418562.313621601,10.00563742015651,1.0726093133481458,nan,1.0,303.0
228.25182458490303,56.566712678225954,12765.06029402619,,,False,,nan,inverse_logistic_from_flux_numeric,13447.628069738197,1418562.313621601,10.00563742015651,1.0726093133481458,nan,1.0,303.0
228.8465643472096,56.16892837722841,11979.307573948281,,,False,,nan,inverse_logistic_from_flux_numeric,13447.628069738197,1418562.313621601,10.00563742015651,1.0726093133481458,nan,1.0,303.0
228.23412455233023,56.578393460635105,12707.44484172953,,,False,,nan,inverse_logistic_from_flux_numeric,13447.628069738197,1418562.313621601,10.00563742015651,1.0726093133481458,nan,1.0,303.0
228.18876964110078,56.60894890074383,12096.89082991871,,,False,,nan,inverse_logistic_from_flux_numeric,13447.628069738197,1418562.313621601,10.00563742015651,1.0726093133481458,nan,1.0,303.0
228.22816997347672,56.58329588393839,11896.578516000644,,,False,,nan,inverse_logistic_from_flux_numeric,13447.628069738197,1418562.313621601,10.00563742015651,1.0726093133481458,nan,1.0,303.0
228.25265453632647,56.5665719713391,12641.16075430788,,,False,,nan,inverse_logistic_from_flux_numeric,13447.628069738197,1418562.313621601,10.00563742015651,1.0726093133481458,nan,1.0,303.0
228.22044689794728,56.57706377569048,12347.764625979906,,,False,,nan,inverse_logistic_from_flux_numeric,13447.628069738197,1418562.313621601,10.00563742015651,1.0726093133481458,nan,1.0,303.0
228.2234431283969,56.580259600108604,12212.960725292662,,,False,,nan,inverse_logistic_from_flux_numeric,13447.628069738197,1418562.313621601,10.00563742015651,1.0726093133481458,nan,1.0,303.0
228.94211714161142,56.10542625677699,11946.135610869576,,,False,,nan,inverse_logistic_from_flux_numeric,13447.628069738197,1418562.313621601,10.00563742015651,1.0726093133481458,nan,1.0,303.0
228.22415190754495,56.58004439627021,12266.405706587142,,,False,,nan,inverse_logistic_from_flux_numeric,13447.628069738197,1418562.313621601,10.00563742015651,1.0726093133481458,nan,1.0,303.0
228.9683184816798,56.08813195383085,11898.084100830412,,,False,,nan,inverse_logistic_from_flux_numeric,13447.628069738197,1418562.313621601,10.00563742015651,1.0726093133481458,nan,1.0,303.0
229.09953398808537,55.99802029168145,14373.954218424322,,,False,,16.833606875119962,inverse_logistic_from_flux_numeric,13447.628069738197,1418562.313621601,10.00563742015651,1.0726093133481458,nan,1.0,303.0
228.97369211199882,56.08479730280633,12592.923251874174,,,False,,nan,inverse_logistic_from_flux_numeric,13447.628069738197,1418562.313621601,10.00563742015651,1.0726093133481458,nan,1.0,303.0
228.97499980122856,56.084416480306864,11936.866522862174,,,False,,nan,inverse_logistic_from_flux_numeric,13447.628069738197,1418562.313621601,10.00563742015651,1.0726093133481458,nan,1.0,303.0
229.25900342007284,55.88866878211528,12419.374619102777,,,False,,nan,inverse_logistic_from_flux_numeric,13447.628069738197,1418562.313621601,10.00563742015651,1.0726093133481458,nan,1.0,303.0
228.97296993911522,56.08623274359756,11982.55688414821,,,False,,nan,inverse_logistic_from_flux_numeric,13447.628069738197,1418562.313621601,10.00563742015651,1.0726093133481458,nan,1.0,303.0
229.17702905541378,55.947220208228394,13976.497430582935,,,False,,17.356414147515842,inverse_logistic_from_flux_numeric,13447.628069738197,1418562.313621601,10.00563742015651,1.0726093133481458,nan,1.0,303.0
228.8435503761478,56.17519967546128,30549.236954725493,14.146,0.61,False,,14.10447933921882,inverse_logistic_from_flux_numeric,13447.628069738197,1418562.313621601,10.00563742015651,1.0726093133481458,nan,1.0,303.0
228.19027958084172,56.61521629099771,12168.364075879197,,,False,,nan,inverse_logistic_from_flux_numeric,13447.628069738197,1418562.313621601,10.00563742015651,1.0726093133481458,nan,1.0,303.0
228.1647024995195,56.63130703601986,13520.306148659967,,,False,,19.207065959761835,inverse_logistic_from_flux_numeric,13447.628069738197,1418562.313621601,10.00563742015651,1.0726093133481458,nan,1.0,303.0
228.1508321175077,56.63370623095083,12295.758259324808,,,False,,nan,inverse_logistic_from_flux_numeric,13447.628069738197,1418562.313621601,10.00563742015651,1.0726093133481458,nan,1.0,303.0
228.70263744314494,56.27356447373864,16346.721633122672,,,False,,15.768603142776279,inverse_logistic_from_flux_numeric,13447.628069738197,1418562.313621601,10.00563742015651,1.0726093133481458,nan,1.0,303.0
228.1611313495235,56.635117334211344,12121.97175793913,,,False,,nan,inverse_logistic_from_flux_numeric,13447.628069738197,1418562.313621601,10.00563742015651,1.0726093133481458,nan,1.0,303.0
228.16495705924498,56.63261745477659,12021.176404889999,,,False,,nan,inverse_logistic_from_flux_numeric,13447.628069738197,1418562.313621601,10.00563742015651,1.0726093133481458,nan,1.0,303.0
229.22720757228447,55.91648502657631,12413.200871330762,,,False,,nan,inverse_logistic_from_flux_numeric,13447.628069738197,1418562.313621601,10.00563742015651,1.0726093133481458,nan,1.0,303.0
228.34664865630953,56.513131379492776,12115.509932078103,,,False,,nan,inverse_logistic_from_flux_numeric,13447.628069738197,1418562.313621601,10.00563742015651,1.0726093133481458,nan,1.0,303.0
228.15133247724293,56.63038941897404,12327.14063048661,,,False,,nan,inverse_logistic_from_flux_numeric,13447.628069738197,1418562.313621601,10.00563742015651,1.0726093133481458,nan,1.0,303.0
228.86741492886281,56.16329570084183,73962.45442514024,12.847,0.6,False,,12.896683869210975,inverse_logistic_from_flux_numeric,13447.628069738197,1418562.313621601,10.00563742015651,1.0726093133481458,nan,1.0,303.0
228.56769560283422,56.366344732155206,29812.654340043722,14.132,0.557,False,,14.14601968900308,inverse_logistic_from_flux_numeric,13447.628069738197,1418562.313621601,10.00563742015651,1.0726093133481458,nan,1.0,303.0
228.21171243121378,56.60327417801698,15803.980065314963,,,False,,15.962215530611125,inverse_logistic_from_flux_numeric,13447.628069738197,1418562.313621601,10.00563742015651,1.0726093133481458,nan,1.0,303.0
229.03448097020112,56.0511387881374,13903.597091817815,,,False,,17.494738952021365,inverse_logistic_from_flux_numeric,13447.628069738197,1418562.313621601,10.00563742015651,1.0726093133481458,nan,1.0,303.0
228.20572525939338,56.608419331409024,12106.729924688236,,,False,,nan,inverse_logistic_from_flux_numeric,13447.628069738197,1418562.313621601,10.00563742015651,1.0726093133481458,nan,1.0,303.0
228.20743330277412,56.60713535500286,12559.954107569341,,,False,,nan,inverse_logistic_from_flux_numeric,13447.628069738197,1418562.313621601,10.00563742015651,1.0726093133481458,nan,1.0,303.0
228.20817347394902,56.607052031152485,12433.377446464287,,,False,,nan,inverse_logistic_from_flux_numeric,13447.628069738197,1418562.313621601,10.00563742015651,1.0726093133481458,nan,1.0,303.0
228.3444889790915,56.51654611720028,21464.965959034074,14.987,0.823,False,,14.816844579372408,inverse_logistic_from_flux_numeric,13447.628069738197,1418562.313621601,10.00563742015651,1.0726093133481458,nan,1.0,303.0
228.20987189159854,56.606741145664884,12156.24456911874,,,False,,nan,inverse_logistic_from_flux_numeric,13447.628069738197,1418562.313621601,10.00563742015651,1.0726093133481458,nan,1.0,303.0
228.65213977277295,56.31563034520977,12097.018366147182,,,False,,nan,inverse_logistic_from_flux_numeric,13447.628069738197,1418562.313621601,10.00563742015651,1.0726093133481458,nan,1.0,303.0
229.2767088082084,55.89019145322516,11904.794498721934,,,False,,nan,inverse_logistic_from_flux_numeric,13447.628069738197,1418562.313621601,10.00563742015651,1.0726093133481458,nan,1.0,303.0
229.39846734610003,55.804832871854444,15195.680713511454,,,False,,16.241017711987112,inverse_logistic_from_flux_numeric,13447.628069738197,1418562.313621601,10.00563742015651,1.0726093133481458,nan,1.0,303.0
229.3951296664188,55.80834580126298,12341.847517334369,,,False,,nan,inverse_logistic_from_flux_numeric,13447.628069738197,1418562.313621601,10.00563742015651,1.0726093133481458,nan,1.0,303.0
229.3978425916994,55.80645589865232,12267.317549513305,,,False,,nan,inverse_logistic_from_flux_numeric,13447.628069738197,1418562.313621601,10.00563742015651,1.0726093133481458,nan,1.0,303.0
229.39818679479583,55.80590287922337,12739.398702276667,,,False,,nan,inverse_logistic_from_flux_numeric,13447.628069738197,1418562.313621601,10.00563742015651,1.0726093133481458,nan,1.0,303.0
229.17046861165716,55.96468244529115,14633.903141740038,,,False,,16.602831104107842,inverse_logistic_from_flux_numeric,13447.628069738197,1418562.313621601,10.00563742015651,1.0726093133481458,nan,1.0,303.0
229.397503695627,55.80663946291014,11896.735377994126,,,False,,nan,inverse_logistic_from_flux_numeric,13447.628069738197,1418562.313621601,10.00563742015651,1.0726093133481458,nan,1.0,303.0
228.37288430029014,56.50431485785238,20750.277659194042,,,False,,14.90437003090588,inverse_logistic_from_flux_numeric,13447.628069738197,1418562.313621601,10.00563742015651,1.0726093133481458,nan,1.0,303.0
229.32007590148993,55.862078883428076,13474.140910554579,,,False,,20.14724378609712,inverse_logistic_from_flux_numeric,13447.628069738197,1418562.313621601,10.00563742015651,1.0726093133481458,nan,1.0,303.0
228.37534819823384,56.50356105537867,15737.769767383455,,,False,,15.988831153631828,inverse_logistic_from_flux_numeric,13447.628069738197,1418562.313621601,10.00563742015651,1.0726093133481458,nan,1.0,303.0
229.57897583004038,55.674931089976724,-3563.447023157522,,,False,,nan,inverse_logistic_from_flux_numeric,13447.628069738197,1418562.313621601,10.00563742015651,1.0726093133481458,nan,1.0,303.0
229.09003922605476,56.023444031417746,12042.373312978707,,,False,,nan,inverse_logistic_from_flux_numeric,13447.628069738197,1418562.313621601,10.00563742015651,1.0726093133481458,nan,1.0,303.0
228.59484271772973,56.3590876667017,47915.982883494355,,,True,ASASSN-V J151422.76+562132.8,13.439316379187098,inverse_logistic_from_flux_numeric,13447.628069738197,1418562.313621601,10.00563742015651,1.0726093133481458,nan,1.0,303.0
228.83319437844045,56.199781673747864,11929.911974221235,,,False,,nan,inverse_logistic_from_flux_numeric,13447.628069738197,1418562.313621601,10.00563742015651,1.0726093133481458,nan,1.0,303.0
228.50497864483754,56.42356478041066,12332.692422928072,,,False,,nan,inverse_logistic_from_flux_numeric,13447.628069738197,1418562.313621601,10.00563742015651,1.0726093133481458,nan,1.0,303.0
228.84680318804743,56.194304699511406,11979.97607446989,,,False,,nan,inverse_logistic_from_flux_numeric,13447.628069738197,1418562.313621601,10.00563742015651,1.0726093133481458,nan,1.0,303.0
228.32101707982162,56.54708145681208,12074.528962974444,,,False,,nan,inverse_logistic_from_flux_numeric,13447.628069738197,1418562.313621601,10.00563742015651,1.0726093133481458,nan,1.0,303.0
228.5852239580943,56.37265266797014,12873.24765932251,,,False,,nan,inverse_logistic_from_flux_numeric,13447.628069738197,1418562.313621601,10.00563742015651,1.0726093133481458,nan,1.0,303.0
228.68146037803174,56.3079798630876,12725.173588574207,,,False,,nan,inverse_logistic_from_flux_numeric,13447.628069738197,1418562.313621601,10.00563742015651,1.0726093133481458,nan,1.0,303.0
228.31291950054523,56.555294180431,14534.613158620728,,,False,,16.684390191133815,inverse_logistic_from_flux_numeric,13447.628069738197,1418562.313621601,10.00563742015651,1.0726093133481458,nan,1.0,303.0
229.1984624089149,55.95948592170184,11888.13530403997,,,False,,nan,inverse_logistic_from_flux_numeric,13447.628069738197,1418562.313621601,10.00563742015651,1.0726093133481458,nan,1.0,303.0
228.54070033505278,56.406841516422894,12914.213572294566,,,False,,nan,inverse_logistic_from_flux_numeric,13447.628069738197,1418562.313621601,10.00563742015651,1.0726093133481458,nan,1.0,303.0
228.84220494834008,56.204205798756476,11887.53056743191,,,False,,nan,inverse_logistic_from_flux_numeric,13447.628069738197,1418562.313621601,10.00563742015651,1.0726093133481458,nan,1.0,303.0
228.44067308566474,56.478295104253384,12106.900468318168,,,False,,nan,inverse_logistic_from_flux_numeric,13447.628069738197,1418562.313621601,10.00563742015651,1.0726093133481458,nan,1.0,303.0
228.97999185950508,56.11479853266696,12309.40610817579,,,False,,nan,inverse_logistic_from_flux_numeric,13447.628069738197,1418562.313621601,10.00563742015651,1.0726093133481458,nan,1.0,303.0
229.1300263615477,56.012438624515106,11878.944641178196,,,False,,nan,inverse_logistic_from_flux_numeric,13447.628069738197,1418562.313621601,10.00563742015651,1.0726093133481458,nan,1.0,303.0
229.13983244466002,56.00591476733647,12395.117075823828,,,False,,nan,inverse_logistic_from_flux_numeric,13447.628069738197,1418562.313621601,10.00563742015651,1.0726093133481458,nan,1.0,303.0
228.51709427304027,56.428955134620566,12752.488541855853,,,False,,nan,inverse_logistic_from_flux_numeric,13447.628069738197,1418562.313621601,10.00563742015651,1.0726093133481458,nan,1.0,303.0
229.09478808860064,56.03823363438631,12145.79621171096,,,False,,nan,inverse_logistic_from_flux_numeric,13447.628069738197,1418562.313621601,10.00563742015651,1.0726093133481458,nan,1.0,303.0
228.20224464760796,56.63837474955816,12411.566489334851,,,False,,nan,inverse_logistic_from_flux_numeric,13447.628069738197,1418562.313621601,10.00563742015651,1.0726093133481458,nan,1.0,303.0
228.56104578849263,56.40069381035348,12300.59260049429,,,False,,nan,inverse_logistic_from_flux_numeric,13447.628069738197,1418562.313621601,10.00563742015651,1.0726093133481458,nan,1.0,303.0
228.7375627008034,56.282813674317914,11998.932158000174,,,False,,nan,inverse_logistic_from_flux_numeric,13447.628069738197,1418562.313621601,10.00563742015651,1.0726093133481458,nan,1.0,303.0
228.5576325040868,56.40400796300039,13322.6706509649,,,False,,nan,inverse_logistic_from_flux_numeric,13447.628069738197,1418562.313621601,10.00563742015651,1.0726093133481458,nan,1.0,303.0
229.18766002004418,55.98065740945167,11979.01701496048,,,False,,nan,inverse_logistic_from_flux_numeric,13447.628069738197,1418562.313621601,10.00563742015651,1.0726093133481458,nan,1.0,303.0
229.29325074822114,55.90815693271947,12055.039316600094,,,False,,nan,inverse_logistic_from_flux_numeric,13447.628069738197,1418562.313621601,10.00563742015651,1.0726093133481458,nan,1.0,303.0
228.88775849659993,56.18706626553663,13216.855746124967,,,False,,nan,inverse_logistic_from_flux_numeric,13447.628069738197,1418562.313621601,10.00563742015651,1.0726093133481458,nan,1.0,303.0
229.318547036757,55.893241908234614,11813.12911120652,,,False,,nan,inverse_logistic_from_flux_numeric,13447.628069738197,1418562.313621601,10.00563742015651,1.0726093133481458,nan,1.0,303.0
229.3449568731869,55.87528426004032,12429.218882498752,,,False,,nan,inverse_logistic_from_flux_numeric,13447.628069738197,1418562.313621601,10.00563742015651,1.0726093133481458,nan,1.0,303.0
229.15112422001326,56.009481458253305,13684.047267328231,,,False,,18.10724032009056,inverse_logistic_from_flux_numeric,13447.628069738197,1418562.313621601,10.00563742015651,1.0726093133481458,nan,1.0,303.0
229.08636306589796,56.055830735835904,11863.162036115975,,,False,,nan,inverse_logistic_from_flux_numeric,13447.628069738197,1418562.313621601,10.00563742015651,1.0726093133481458,nan,1.0,303.0
229.0221838673962,56.10005220608148,14867.250852312227,,,False,,16.435259178204426,inverse_logistic_from_flux_numeric,13447.628069738197,1418562.313621601,10.00563742015651,1.0726093133481458,nan,1.0,303.0
229.39639772434109,55.84226193840929,12221.841663375726,,,False,,nan,inverse_logistic_from_flux_numeric,13447.628069738197,1418562.313621601,10.00563742015651,1.0726093133481458,nan,1.0,303.0
228.64584207759913,56.355310287437185,123123.95495250946,12.3,1.028,False,,12.30756678226129,inverse_logistic_from_flux_numeric,13447.628069738197,1418562.313621601,10.00563742015651,1.0726093133481458,nan,1.0,303.0
228.85601678945898,56.21762344359599,12236.359163384217,,,False,,nan,inverse_logistic_from_flux_numeric,13447.628069738197,1418562.313621601,10.00563742015651,1.0726093133481458,nan,1.0,303.0
229.1727645044674,56.000773839474206,12434.173020492053,,,False,,nan,inverse_logistic_from_flux_numeric,13447.628069738197,1418562.313621601,10.00563742015651,1.0726093133481458,nan,1.0,303.0
229.43337084298074,55.820695792836446,12522.143945557273,,,False,,nan,inverse_logistic_from_flux_numeric,13447.628069738197,1418562.313621601,10.00563742015651,1.0726093133481458,nan,1.0,303.0
229.06396405368065,56.07730411053674,12134.354248636568,,,False,,nan,inverse_logistic_from_flux_numeric,13447.628069738197,1418562.313621601,10.00563742015651,1.0726093133481458,nan,1.0,303.0
229.06630959809144,56.07544916327737,12365.656394363605,,,False,,nan,inverse_logistic_from_flux_numeric,13447.628069738197,1418562.313621601,10.00563742015651,1.0726093133481458,nan,1.0,303.0
229.14902383550967,56.018846050934926,14687.842129902483,16.244,0.225,False,,16.561339567648368,inverse_logistic_from_flux_numeric,13447.628069738197,1418562.313621601,10.00563742015651,1.0726093133481458,nan,1.0,303.0
229.2927966304029,55.92012426179282,21670.74101736971,15.062,0.724,False,,14.793080374842408,inverse_logistic_from_flux_numeric,13447.628069738197,1418562.313621601,10.00563742015651,1.0726093133481458,nan,1.0,303.0
228.76821426204037,56.28155905999017,12697.854257210618,,,False,,nan,inverse_logistic_from_flux_numeric,13447.628069738197,1418562.313621601,10.00563742015651,1.0726093133481458,nan,1.0,303.0
229.14126041533692,56.02735907189497,23826.990235474397,14.624,0.392,False,,14.574533527495838,inverse_logistic_from_flux_numeric,13447.628069738197,1418562.313621601,10.00563742015651,1.0726093133481458,nan,1.0,303.0
228.5877045547791,56.40667807111403,12129.95237965745,,,False,,nan,inverse_logistic_from_flux_numeric,13447.628069738197,1418562.313621601,10.00563742015651,1.0726093133481458,nan,1.0,303.0
228.9541311537077,56.1604152046558,11985.257730661555,,,False,,nan,inverse_logistic_from_flux_numeric,13447.628069738197,1418562.313621601,10.00563742015651,1.0726093133481458,nan,1.0,303.0
229.20952349390132,55.98554044071289,13946.206488863145,,,False,,17.41142217700468,inverse_logistic_from_flux_numeric,13447.628069738197,1418562.313621601,10.00563742015651,1.0726093133481458,nan,1.0,303.0
229.05566488758268,56.09172444266447,12421.353978888492,,,False,,nan,inverse_logistic_from_flux_numeric,13447.628069738197,1418562.313621601,10.00563742015651,1.0726093133481458,nan,1.0,303.0
228.56942735819646,56.42121783815902,12373.305758989189,,,False,,nan,inverse_logistic_from_flux_numeric,13447.628069738197,1418562.313621601,10.00563742015651,1.0726093133481458,nan,1.0,303.0
228.6390420509141,56.376229624802654,13153.639220237217,,,False,,nan,inverse_logistic_from_flux_numeric,13447.628069738197,1418562.313621601,10.00563742015651,1.0726093133481458,nan,1.0,303.0
229.12974562189197,56.04324190584091,12615.758999496165,,,False,,nan,inverse_logistic_from_flux_numeric,13447.628069738197,1418562.313621601,10.00563742015651,1.0726093133481458,nan,1.0,303.0
229.26881157955182,55.94727027185137,163395.29736004764,12.038,0.735,False,,11.986542802132952,inverse_logistic_from_flux_numeric,13447.628069738197,1418562.313621601,10.00563742015651,1.0726093133481458,nan,1.0,303.0
229.04444662391998,56.10302166969619,12408.640059583526,,,False,,nan,inverse_logistic_from_flux_numeric,13447.628069738197,1418562.313621601,10.00563742015651,1.0726093133481458,nan,1.0,303.0
229.43849287644682,55.83134905769302,12127.07541850669,,,False,,nan,inverse_logistic_from_flux_numeric,13447.628069738197,1418562.313621601,10.00563742015651,1.0726093133481458,nan,1.0,303.0
229.0788227845184,56.08096828050688,11839.963643731442,,,False,,nan,inverse_logistic_from_flux_numeric,13447.628069738197,1418562.313621601,10.00563742015651,1.0726093133481458,nan,1.0,303.0
228.49865180974157,56.47324243639864,16669.494519364973,15.672,0.465,False,,15.669971773888456,inverse_logistic_from_flux_numeric,13447.628069738197,1418562.313621601,10.00563742015651,1.0726093133481458,nan,1.0,303.0
229.09039071108612,56.07432087580775,12227.970180206345,,,False,,nan,inverse_logistic_from_flux_numeric,13447.628069738197,1418562.313621601,10.00563742015651,1.0726093133481458,nan,1.0,303.0
229.08967851781404,56.07552315384608,12135.515182133084,,,False,,nan,inverse_logistic_from_flux_numeric,13447.628069738197,1418562.313621601,10.00563742015651,1.0726093133481458,nan,1.0,303.0
228.62590905728212,56.3915614922885,12799.716081868219,,,False,,nan,inverse_logistic_from_flux_numeric,13447.628069738197,1418562.313621601,10.00563742015651,1.0726093133481458,nan,1.0,303.0
229.28035793198188,55.94581043890045,12056.04414437334,,,False,,nan,inverse_logistic_from_flux_numeric,13447.628069738197,1418562.313621601,10.00563742015651,1.0726093133481458,nan,1.0,303.0
228.54508825306306,56.44714119695488,12091.85261184126,,,False,,nan,inverse_logistic_from_flux_numeric,13447.628069738197,1418562.313621601,10.00563742015651,1.0726093133481458,nan,1.0,303.0
229.20642882229342,55.99840501370558,21255.02975507381,14.946,0.463,False,,14.841722668135862,inverse_logistic_from_flux_numeric,13447.628069738197,1418562.313621601,10.00563742015651,1.0726093133481458,nan,1.0,303.0
229.2683941997416,55.95657249599985,11860.967140555415,,,False,,nan,inverse_logistic_from_flux_numeric,13447.628069738197,1418562.313621601,10.00563742015651,1.0726093133481458,nan,1.0,303.0
229.14026067640148,56.04564909032252,11984.22724268169,,,False,,nan,inverse_logistic_from_flux_numeric,13447.628069738197,1418562.313621601,10.00563742015651,1.0726093133481458,nan,1.0,303.0
229.1474831800836,56.0406588130656,12123.429446818514,,,False,,nan,inverse_logistic_from_flux_numeric,13447.628069738197,1418562.313621601,10.00563742015651,1.0726093133481458,nan,1.0,303.0
229.14331397798415,56.044377339062414,12444.290369999984,,,False,,nan,inverse_logistic_from_flux_numeric,13447.628069738197,1418562.313621601,10.00563742015651,1.0726093133481458,nan,1.0,303.0
229.14665052471722,56.04185271586038,12279.26503301888,,,False,,nan,inverse_logistic_from_flux_numeric,13447.628069738197,1418562.313621601,10.00563742015651,1.0726093133481458,nan,1.0,303.0
229.14502483757886,56.04378613521672,11876.728046385477,,,False,,nan,inverse_logistic_from_flux_numeric,13447.628069738197,1418562.313621601,10.00563742015651,1.0726093133481458,nan,1.0,303.0
229.14705241735376,56.04317845888356,11840.237324107056,,,False,,nan,inverse_logistic_from_flux_numeric,13447.628069738197,1418562.313621601,10.00563742015651,1.0726093133481458,nan,1.0,303.0
229.45437009162208,55.829962432452334,12012.33046219391,,,False,,nan,inverse_logistic_from_flux_numeric,13447.628069738197,1418562.313621601,10.00563742015651,1.0726093133481458,nan,1.0,303.0
228.7709245790455,56.29874293060813,18037.392100748926,15.346,0.544,False,,15.339148610759949,inverse_logistic_from_flux_numeric,13447.628069738197,1418562.313621601,10.00563742015651,1.0726093133481458,nan,1.0,303.0
229.17063869576302,56.02757120540037,12154.858868326683,,,False,,nan,inverse_logistic_from_flux_numeric,13447.628069738197,1418562.313621601,10.00563742015651,1.0726093133481458,nan,1.0,303.0
229.10491316566606,56.07267562554285,12378.21941092384,,,False,,nan,inverse_logistic_from_flux_numeric,13447.628069738197,1418562.313621601,10.00563742015651,1.0726093133481458,nan,1.0,303.0
229.1148082450556,56.06691454388807,11888.2178028619,,,False,,nan,inverse_logistic_from_flux_numeric,13447.628069738197,1418562.313621601,10.00563742015651,1.0726093133481458,nan,1.0,303.0
229.1925046737889,56.01303499001454,16623.345165484232,15.713,0.499,False,,15.68345318710568,inverse_logistic_from_flux_numeric,13447.628069738197,1418562.313621601,10.00563742015651,1.0726093133481458,nan,1.0,303.0
228.92085104819733,56.20034257482853,12009.710705384969,,,False,,nan,inverse_logistic_from_flux_numeric,13447.628069738197,1418562.313621601,10.00563742015651,1.0726093133481458,nan,1.0,303.0
228.93851532748317,56.188373735902125,11920.722460444567,,,False,,nan,inverse_logistic_from_flux_numeric,13447.628069738197,1418562.313621601,10.00563742015651,1.0726093133481458,nan,1.0,303.0
229.11432136536808,56.06824558293481,11893.633336219325,,,False,,nan,inverse_logistic_from_flux_numeric,13447.628069738197,1418562.313621601,10.00563742015651,1.0726093133481458,nan,1.0,303.0
229.21595603942438,55.99741491094736,22781.567683240566,14.878,0.639,False,,14.674207767160038,inverse_logistic_from_flux_numeric,13447.628069738197,1418562.313621601,10.00563742015651,1.0726093133481458,nan,1.0,303.0
228.8908334760955,56.22115261987193,12043.388847431766,,,False,,nan,inverse_logistic_from_flux_numeric,13447.628069738197,1418562.313621601,10.00563742015651,1.0726093133481458,nan,1.0,303.0
229.38046379547924,55.885475399933846,11996.208936314266,,,False,,nan,inverse_logistic_from_flux_numeric,13447.628069738197,1418562.313621601,10.00563742015651,1.0726093133481458,nan,1.0,303.0
228.25526480437296,56.64669910287344,21629.500323592558,14.797,0.627,False,,14.797795379499654,inverse_logistic_from_flux_numeric,13447.628069738197,1418562.313621601,10.00563742015651,1.0726093133481458,nan,1.0,303.0
229.45873055645555,55.83191350472198,11972.4577355043,,,False,,nan,inverse_logistic_from_flux_numeric,13447.628069738197,1418562.313621601,10.00563742015651,1.0726093133481458,nan,1.0,303.0
228.75301536754327,56.31771590720116,14946.890224110453,,,False,,16.384319254221936,inverse_logistic_from_flux_numeric,13447.628069738197,1418562.313621601,10.00563742015651,1.0726093133481458,nan,1.0,303.0
229.17314829999984,56.03375222256406,15848.289726289442,15.928,0.399,False,,15.944817472573753,inverse_logistic_from_flux_numeric,13447.628069738197,1418562.313621601,10.00563742015651,1.0726093133481458,nan,1.0,303.0
228.57344121898592,56.44430085386437,11965.23854915458,,,False,,nan,inverse_logistic_from_flux_numeric,13447.628069738197,1418562.313621601,10.00563742015651,1.0726093133481458,nan,1.0,303.0
228.7641446551912,56.31520269615281,115792.09597094022,12.188,0.467,False,,12.377334105397662,inverse_logistic_from_flux_numeric,13447.628069738197,1418562.313621601,10.00563742015651,1.0726093133481458,nan,1.0,303.0
228.996818709678,56.159227893411106,11823.099570997902,,,False,,nan,inverse_logistic_from_flux_numeric,13447.628069738197,1418562.313621601,10.00563742015651,1.0726093133481458,nan,1.0,303.0
229.00369625837754,56.154365552067475,11933.109431244318,,,False,,nan,inverse_logistic_from_flux_numeric,13447.628069738197,1418562.313621601,10.00563742015651,1.0726093133481458,nan,1.0,303.0
229.06786811526732,56.109817593049776,14550.19672395319,,,False,,16.67110874139987,inverse_logistic_from_flux_numeric,13447.628069738197,1418562.313621601,10.00563742015651,1.0726093133481458,nan,1.0,303.0
229.00309178074812,56.15529012963131,11959.667201687731,,,False,,nan,inverse_logistic_from_flux_numeric,13447.628069738197,1418562.313621601,10.00563742015651,1.0726093133481458,nan,1.0,303.0
229.00129429390282,56.15754566369087,11909.015865805804,,,False,,nan,inverse_logistic_from_flux_numeric,13447.628069738197,1418562.313621601,10.00563742015651,1.0726093133481458,nan,1.0,303.0
229.39496553010872,55.88596084170251,12088.743841509131,,,False,,nan,inverse_logistic_from_flux_numeric,13447.628069738197,1418562.313621601,10.00563742015651,1.0726093133481458,nan,1.0,303.0
228.3114292917031,56.61996948851299,22432.244454391228,14.731,0.659,False,,14.710002341013709,inverse_logistic_from_flux_numeric,13447.628069738197,1418562.313621601,10.00563742015651,1.0726093133481458,nan,1.0,303.0
229.15554455575435,56.05176982965995,17024.971302900525,,,False,,15.572160597995847,inverse_logistic_from_flux_numeric,13447.628069738197,1418562.313621601,10.00563742015651,1.0726093133481458,nan,1.0,303.0
228.8036012521647,56.291916525170535,13675.59216200163,,,False,,18.141198986824215,inverse_logistic_from_flux_numeric,13447.628069738197,1418562.313621601,10.00563742015651,1.0726093133481458,nan,1.0,303.0
229.27768214017024,55.97050342927954,12730.734496078157,,,False,,nan,inverse_logistic_from_flux_numeric,13447.628069738197,1418562.313621601,10.00563742015651,1.0726093133481458,nan,1.0,303.0
228.86832812145695,56.25275881201641,12026.40010763678,,,False,,nan,inverse_logistic_from_flux_numeric,13447.628069738197,1418562.313621601,10.00563742015651,1.0726093133481458,nan,1.0,303.0
228.8676121113231,56.25395147109968,11988.39191909819,,,False,,nan,inverse_logistic_from_flux_numeric,13447.628069738197,1418562.313621601,10.00563742015651,1.0726093133481458,nan,1.0,303.0
229.35868155927517,55.917458825490804,12508.926310255549,,,False,,nan,inverse_logistic_from_flux_numeric,13447.628069738197,1418562.313621601,10.00563742015651,1.0726093133481458,nan,1.0,303.0
228.86600488006292,56.25598147592881,11849.270589709473,,,False,,nan,inverse_logistic_from_flux_numeric,13447.628069738197,1418562.313621601,10.00563742015651,1.0726093133481458,nan,1.0,303.0
228.86802362760304,56.25508425523111,11844.808428366972,,,False,,nan,inverse_logistic_from_flux_numeric,13447.628069738197,1418562.313621601,10.00563742015651,1.0726093133481458,nan,1.0,303.0
229.12285937619674,56.08133318445239,11852.0336907588,,,False,,nan,inverse_logistic_from_flux_numeric,13447.628069738197,1418562.313621601,10.00563742015651,1.0726093133481458,nan,1.0,303.0
228.510241433355,56.49579201742556,11971.524924066409,,,False,,nan,inverse_logistic_from_flux_numeric,13447.628069738197,1418562.313621601,10.00563742015651,1.0726093133481458,nan,1.0,303.0
228.8161057055942,56.29088798262413,12024.991733329,,,False,,nan,inverse_logistic_from_flux_numeric,13447.628069738197,1418562.313621601,10.00563742015651,1.0726093133481458,nan,1.0,303.0
228.65560383570866,56.3983881018359,14951.087785664846,16.265,0.393,False,,16.38170988838865,inverse_logistic_from_flux_numeric,13447.628069738197,1418562.313621601,10.00563742015651,1.0726093133481458,nan,1.0,303.0
228.50979661894536,56.49683069824058,11949.092727366562,,,False,,nan,inverse_logistic_from_flux_numeric,13447.628069738197,1418562.313621601,10.00563742015651,1.0726093133481458,nan,1.0,303.0
228.73927882103789,56.344643920136114,11963.450741202369,,,False,,nan,inverse_logistic_from_flux_numeric,13447.628069738197,1418562.313621601,10.00563742015651,1.0726093133481458,nan,1.0,303.0
229.33832611547336,55.936197298782936,11823.37261443554,,,False,,nan,inverse_logistic_from_flux_numeric,13447.628069738197,1418562.313621601,10.00563742015651,1.0726093133481458,nan,1.0,303.0
229.20615627592935,56.02860462717923,11912.624704284375,,,False,,nan,inverse_logistic_from_flux_numeric,13447.628069738197,1418562.313621601,10.00563742015651,1.0726093133481458,nan,1.0,303.0
228.34492488897345,56.61025326810199,12308.582056832876,,,False,,nan,inverse_logistic_from_flux_numeric,13447.628069738197,1418562.313621601,10.00563742015651,1.0726093133481458,nan,1.0,303.0
228.2480268296316,56.67437749483072,12412.829323316151,,,False,,nan,inverse_logistic_from_flux_numeric,13447.628069738197,1418562.313621601,10.00563742015651,1.0726093133481458,nan,1.0,303.0
229.19497247649488,56.03741594862514,12570.513965592381,,,False,,nan,inverse_logistic_from_flux_numeric,13447.628069738197,1418562.313621601,10.00563742015651,1.0726093133481458,nan,1.0,303.0
228.9260961278399,56.221430299450454,14720.749061349832,,,False,,16.536903078353987,inverse_logistic_from_flux_numeric,13447.628069738197,1418562.313621601,10.00563742015651,1.0726093133481458,nan,1.0,303.0
228.79454147751292,56.31404127887644,12842.980157297217,,,False,,nan,inverse_logistic_from_flux_numeric,13447.628069738197,1418562.313621601,10.00563742015651,1.0726093133481458,nan,1.0,303.0
228.2209133099771,56.695935057365965,33374.10017369519,,,False,,13.960052272411975,inverse_logistic_from_flux_numeric,13447.628069738197,1418562.313621601,10.00563742015651,1.0726093133481458,nan,1.0,303.0
228.37350441746133,56.59698214743595,14066.738915574771,,,False,,17.209476086742704,inverse_logistic_from_flux_numeric,13447.628069738197,1418562.313621601,10.00563742015651,1.0726093133481458,nan,1.0,303.0
228.41964808275344,56.56760941796193,26760.714834859195,14.509,1.168,False,,14.340493294066057,inverse_logistic_from_flux_numeric,13447.628069738197,1418562.313621601,10.00563742015651,1.0726093133481458,nan,1.0,303.0
229.07064180741193,56.13013691297155,16220.746154803624,15.775,0.692,False,,15.810105309414215,inverse_logistic_from_flux_numeric,13447.628069738197,1418562.313621601,10.00563742015651,1.0726093133481458,nan,1.0,303.0
229.64405433033042,55.727966583814606,-19957.769499172668,,,False,,nan,inverse_logistic_from_flux_numeric,13447.628069738197,1418562.313621601,10.00563742015651,1.0726093133481458,nan,1.0,303.0
228.51810481089217,56.50516373090665,13844.622603625032,16.327,1.161,False,,17.62390466356525,inverse_logistic_from_flux_numeric,13447.628069738197,1418562.313621601,10.00563742015651,1.0726093133481458,nan,1.0,303.0
228.75972277733098,56.345059662228124,12195.237986841168,,,False,,nan,inverse_logistic_from_flux_numeric,13447.628069738197,1418562.313621601,10.00563742015651,1.0726093133481458,nan,1.0,303.0
229.32846238373492,55.9568491366878,12043.347864771085,,,False,,nan,inverse_logistic_from_flux_numeric,13447.628069738197,1418562.313621601,10.00563742015651,1.0726093133481458,nan,1.0,303.0
229.3868074331565,55.916404487804805,12531.140646177344,,,False,,nan,inverse_logistic_from_flux_numeric,13447.628069738197,1418562.313621601,10.00563742015651,1.0726093133481458,nan,1.0,303.0
229.2237563580711,56.03043867414822,11811.705397511134,,,False,,nan,inverse_logistic_from_flux_numeric,13447.628069738197,1418562.313621601,10.00563742015651,1.0726093133481458,nan,1.0,303.0
228.37250407534785,56.605549607768474,14349.808103842892,,,False,,16.858247241229165,inverse_logistic_from_flux_numeric,13447.628069738197,1418562.313621601,10.00563742015651,1.0726093133481458,nan,1.0,303.0
228.50061494633349,56.52186412576601,14539.756801107442,,,False,,16.67998548448338,inverse_logistic_from_flux_numeric,13447.628069738197,1418562.313621601,10.00563742015651,1.0726093133481458,nan,1.0,303.0
228.58279491023893,56.468639314215935,14040.07025490196,,,False,,17.250544186714578,inverse_logistic_from_flux_numeric,13447.628069738197,1418562.313621601,10.00563742015651,1.0726093133481458,nan,1.0,303.0
229.18762753219067,56.06035059292589,46401.751173303724,13.468,0.336,False,,13.482229873540515,inverse_logistic_from_flux_numeric,13447.628069738197,1418562.313621601,10.00563742015651,1.0726093133481458,nan,1.0,303.0
229.15404746663174,56.084729464166735,12039.338455719568,,,False,,nan,inverse_logistic_from_flux_numeric,13447.628069738197,1418562.313621601,10.00563742015651,1.0726093133481458,nan,1.0,303.0
229.00768514593946,56.18639418076252,12096.20477563491,,,False,,nan,inverse_logistic_from_flux_numeric,13447.628069738197,1418562.313621601,10.00563742015651,1.0726093133481458,nan,1.0,303.0
229.2870964516355,55.994821622200625,13436.434759567213,,,False,,nan,inverse_logistic_from_flux_numeric,13447.628069738197,1418562.313621601,10.00563742015651,1.0726093133481458,nan,1.0,303.0
228.4077391894955,56.59023325390058,26829.70713002295,14.324,0.689,False,,14.335628073143244,inverse_logistic_from_flux_numeric,13447.628069738197,1418562.313621601,10.00563742015651,1.0726093133481458,nan,1.0,303.0
228.50110357662572,56.52880569897454,14393.89693383443,,,False,,16.813735187176206,inverse_logistic_from_flux_numeric,13447.628069738197,1418562.313621601,10.00563742015651,1.0726093133481458,nan,1.0,303.0
228.30819562565242,56.65844421462652,15254.886255346433,16.005,0.636,False,,16.209924677882178,inverse_logistic_from_flux_numeric,13447.628069738197,1418562.313621601,10.00563742015651,1.0726093133481458,nan,1.0,303.0
228.38804445495506,56.60670233902269,12214.87504345973,,,False,,nan,inverse_logistic_from_flux_numeric,13447.628069738197,1418562.313621601,10.00563742015651,1.0726093133481458,nan,1.0,303.0
229.26192571588032,56.01523553789554,649038.6642686556,10.152,0.287,False,,10.18390955723634,inverse_logistic_from_flux_numeric,13447.628069738197,1418562.313621601,10.00563742015651,1.0726093133481458,nan,1.0,303.0
228.40066940424856,56.597875459467,17506.61597562361,15.433,0.386,False,,15.454077565308786,inverse_logistic_from_flux_numeric,13447.628069738197,1418562.313621601,10.00563742015651,1.0726093133481458,nan,1.0,303.0
229.42027968882542,55.90693386362192,12171.897000655614,,,False,,nan,inverse_logistic_from_flux_numeric,13447.628069738197,1418562.313621601,10.00563742015651,1.0726093133481458,nan,1.0,303.0
228.80616238564087,56.32951339274433,12071.238852940567,,,False,,nan,inverse_logistic_from_flux_numeric,13447.628069738197,1418562.313621601,10.00563742015651,1.0726093133481458,nan,1.0,303.0
228.84737292446133,56.30210622162847,12214.436157968043,,,False,,nan,inverse_logistic_from_flux_numeric,13447.628069738197,1418562.313621601,10.00563742015651,1.0726093133481458,nan,1.0,303.0
228.5117784446234,56.52735834956769,17206.85390591967,15.943,1.022,False,,15.525804099180515,inverse_logistic_from_flux_numeric,13447.628069738197,1418562.313621601,10.00563742015651,1.0726093133481458,nan,1.0,303.0
229.40618703360354,55.91956633014496,13916.7663128278,,,False,,17.468185025717723,inverse_logistic_from_flux_numeric,13447.628069738197,1418562.313621601,10.00563742015651,1.0726093133481458,nan,1.0,303.0
228.55360238004735,56.50192007774979,12296.638430053707,,,False,,nan,inverse_logistic_from_flux_numeric,13447.628069738197,1418562.313621601,10.00563742015651,1.0726093133481458,nan,1.0,303.0
229.44034394706068,55.89770369991423,14944.366075516391,,,False,,16.385891878119395,inverse_logistic_from_flux_numeric,13447.628069738197,1418562.313621601,10.00563742015651,1.0726093133481458,nan,1.0,303.0
229.227757586006,56.04672998092812,12238.596542804775,,,False,,nan,inverse_logistic_from_flux_numeric,13447.628069738197,1418562.313621601,10.00563742015651,1.0726093133481458,nan,1.0,303.0
229.3138579885138,55.990411931448655,12158.96353235152,,,False,,nan,inverse_logistic_from_flux_numeric,13447.628069738197,1418562.313621601,10.00563742015651,1.0726093133481458,nan,1.0,303.0
229.31073351152406,55.993394047834244,12303.207839574115,,,False,,nan,inverse_logistic_from_flux_numeric,13447.628069738197,1418562.313621601,10.00563742015651,1.0726093133481458,nan,1.0,303.0
228.39845806503337,56.610739520274194,14537.453341592558,16.409,0.884,False,,16.68195546040122,inverse_logistic_from_flux_numeric,13447.628069738197,1418562.313621601,10.00563742015651,1.0726093133481458,nan,1.0,303.0
228.73031880909542,56.39114455913496,11944.618320127225,,,False,,nan,inverse_logistic_from_flux_numeric,13447.628069738197,1418562.313621601,10.00563742015651,1.0726093133481458,nan,1.0,303.0
229.198131519535,56.072848666313675,12400.182620496595,,,False,,nan,inverse_logistic_from_flux_numeric,13447.628069738197,1418562.313621601,10.00563742015651,1.0726093133481458,nan,1.0,303.0
228.7296313215663,56.39236902712289,11896.480792906825,,,False,,nan,inverse_logistic_from_flux_numeric,13447.628069738197,1418562.313621601,10.00563742015651,1.0726093133481458,nan,1.0,303.0
229.12892758462,56.1207048701951,15015.66409356152,16.667,0.841,False,,16.342458900838977,inverse_logistic_from_flux_numeric,13447.628069738197,1418562.313621601,10.00563742015651,1.0726093133481458,nan,1.0,303.0
228.73619791829708,56.387317068129576,20484.51611441832,,,False,,14.93910897518176,inverse_logistic_from_flux_numeric,13447.628069738197,1418562.313621601,10.00563742015651,1.0726093133481458,nan,1.0,303.0
228.94645523865287,56.24561297349697,17348.42727867122,15.611,0.726,False,,15.491244034666245,inverse_logistic_from_flux_numeric,13447.628069738197,1418562.313621601,10.00563742015651,1.0726093133481458,nan,1.0,303.0
229.48486074110164,55.87560207860175,12373.096206928578,,,False,,nan,inverse_logistic_from_flux_numeric,13447.628069738197,1418562.313621601,10.00563742015651,1.0726093133481458,nan,1.0,303.0
228.78551585633025,56.355850841571105,11977.09114885938,,,False,,nan,inverse_logistic_from_flux_numeric,13447.628069738197,1418562.313621601,10.00563742015651,1.0726093133481458,nan,1.0,303.0
228.3510578202628,56.64670549378562,50556.017643779,13.233,0.469,False,,13.368713404565682,inverse_logistic_from_flux_numeric,13447.628069738197,1418562.313621601,10.00563742015651,1.0726093133481458,nan,1.0,303.0
228.37824602743896,56.62942894469724,12435.656719996296,,,False,,nan,inverse_logistic_from_flux_numeric,13447.628069738197,1418562.313621601,10.00563742015651,1.0726093133481458,nan,1.0,303.0
228.52578126458724,56.531333021083114,12884.613722583106,,,False,,nan,inverse_logistic_from_flux_numeric,13447.628069738197,1418562.313621601,10.00563742015651,1.0726093133481458,nan,1.0,303.0
229.36156549342843,55.96398095558598,395559.63426374324,11.117,1.008,False,,10.923756997574166,inverse_logistic_from_flux_numeric,13447.628069738197,1418562.313621601,10.00563742015651,1.0726093133481458,nan,1.0,303.0
229.0959776913248,56.147585326636374,168423.4539254554,11.963,0.884,False,,11.952050474162078,inverse_logistic_from_flux_numeric,13447.628069738197,1418562.313621601,10.00563742015651,1.0726093133481458,nan,1.0,303.0
228.6637310526729,56.441555471099306,17364.848454968083,15.533,0.623,False,,15.487316622662881,inverse_logistic_from_flux_numeric,13447.628069738197,1418562.313621601,10.00563742015651,1.0726093133481458,nan,1.0,303.0
229.42129575488124,55.924643150809956,160653.84111898235,11.972,0.468,False,,12.005779725410711,inverse_logistic_from_flux_numeric,13447.628069738197,1418562.313621601,10.00563742015651,1.0726093133481458,nan,1.0,303.0
229.51741795350986,55.8586661090111,12451.50798742767,,,False,,nan,inverse_logistic_from_flux_numeric,13447.628069738197,1418562.313621601,10.00563742015651,1.0726093133481458,nan,1.0,303.0
229.2860155504066,56.02005082206166,21661.8736262123,14.983,0.504,False,,14.794092187271957,inverse_logistic_from_flux_numeric,13447.628069738197,1418562.313621601,10.00563742015651,1.0726093133481458,nan,1.0,303.0
228.54255107554755,56.52498582452338,36327.361259558515,13.932,0.93,False,,13.829215532546144,inverse_logistic_from_flux_numeric,13447.628069738197,1418562.313621601,10.00563742015651,1.0726093133481458,nan,1.0,303.0
228.65074331043309,56.45394322845321,13044.760466831702,,,False,,nan,inverse_logistic_from_flux_numeric,13447.628069738197,1418562.313621601,10.00563742015651,1.0726093133481458,nan,1.0,303.0
228.96128554411422,56.24422678561726,26887.916723850678,14.358,0.549,False,,14.331542512915625,inverse_logistic_from_flux_numeric,13447.628069738197,1418562.313621601,10.00563742015651,1.0726093133481458,nan,1.0,303.0
229.52138182112427,55.86026007382287,12174.785295742771,,,False,,nan,inverse_logistic_from_flux_numeric,13447.628069738197,1418562.313621601,10.00563742015651,1.0726093133481458,nan,1.0,303.0
229.13920501679263,56.12656127782727,13648.06822393767,,,False,,18.26117929732539,inverse_logistic_from_flux_numeric,13447.628069738197,1418562.313621601,10.00563742015651,1.0726093133481458,nan,1.0,303.0
228.56066673009676,56.518532192641246,12042.76645158237,,,False,,nan,inverse_logistic_from_flux_numeric,13447.628069738197,1418562.313621601,10.00563742015651,1.0726093133481458,nan,1.0,303.0
229.48342992996075,55.888808642336095,24212.86170935576,,,False,,14.540244147904886,inverse_logistic_from_flux_numeric,13447.628069738197,1418562.313621601,10.00563742015651,1.0726093133481458,nan,1.0,303.0
228.35215140578978,56.65761490109666,12182.33411497228,,,False,,nan,inverse_logistic_from_flux_numeric,13447.628069738197,1418562.313621601,10.00563742015651,1.0726093133481458,nan,1.0,303.0
228.567130598858,56.51499236595816,11996.596810603362,,,False,,nan,inverse_logistic_from_flux_numeric,13447.628069738197,1418562.313621601,10.00563742015651,1.0726093133481458,nan,1.0,303.0
229.40201827675205,55.945945377774805,21696.244767302655,15.009,0.675,False,,14.790176307699266,inverse_logistic_from_flux_numeric,13447.628069738197,1418562.313621601,10.00563742015651,1.0726093133481458,nan,1.0,303.0
228.7695573715288,56.379561740584975,18478.000817877062,15.791,1.495,False,,15.253394996759283,inverse_logistic_from_flux_numeric,13447.628069738197,1418562.313621601,10.00563742015651,1.0726093133481458,nan,1.0,303.0
228.4020983655733,56.626709095407705,16124.927057336006,,,False,,15.842952524976578,inverse_logistic_from_flux_numeric,13447.628069738197,1418562.313621601,10.00563742015651,1.0726093133481458,nan,1.0,303.0
229.1304497151586,56.13662742377789,13294.149623858613,,,False,,nan,inverse_logistic_from_flux_numeric,13447.628069738197,1418562.313621601,10.00563742015651,1.0726093133481458,nan,1.0,303.0
228.39789171512277,56.63058990315317,12595.485680606565,,,False,,nan,inverse_logistic_from_flux_numeric,13447.628069738197,1418562.313621601,10.00563742015651,1.0726093133481458,nan,1.0,303.0
228.98151418655243,56.2388762399538,12980.66835076008,,,False,,nan,inverse_logistic_from_flux_numeric,13447.628069738197,1418562.313621601,10.00563742015651,1.0726093133481458,nan,1.0,303.0
228.29771016318855,56.6964027333607,14250.566106545512,,,False,,16.966960841502114,inverse_logistic_from_flux_numeric,13447.628069738197,1418562.313621601,10.00563742015651,1.0726093133481458,nan,1.0,303.0
228.39813354699479,56.630689654260394,12473.07405138322,,,False,,nan,inverse_logistic_from_flux_numeric,13447.628069738197,1418562.313621601,10.00563742015651,1.0726093133481458,nan,1.0,303.0
228.40164681198542,56.62791772814203,13113.058580605011,,,False,,nan,inverse_logistic_from_flux_numeric,13447.628069738197,1418562.313621601,10.00563742015651,1.0726093133481458,nan,1.0,303.0
228.29407300227294,56.70032676896558,12160.580209558222,,,False,,nan,inverse_logistic_from_flux_numeric,13447.628069738197,1418562.313621601,10.00563742015651,1.0726093133481458,nan,1.0,303.0
228.29776931422805,56.69781050257141,12218.916972330673,,,False,,nan,inverse_logistic_from_flux_numeric,13447.628069738197,1418562.313621601,10.00563742015651,1.0726093133481458,nan,1.0,303.0
228.4008106665337,56.62995467857244,12006.527284603626,,,False,,nan,inverse_logistic_from_flux_numeric,13447.628069738197,1418562.313621601,10.00563742015651,1.0726093133481458,nan,1.0,303.0
228.44949608274237,56.59771451752403,12092.056937386238,,,False,,nan,inverse_logistic_from_flux_numeric,13447.628069738197,1418562.313621601,10.00563742015651,1.0726093133481458,nan,1.0,303.0
228.51117032182768,56.55648874635536,15698.858489374694,16.021,1.11,False,,16.00483372758329,inverse_logistic_from_flux_numeric,13447.628069738197,1418562.313621601,10.00563742015651,1.0726093133481458,nan,1.0,303.0
228.2957011758552,56.700070517248356,11990.562060846565,,,False,,nan,inverse_logistic_from_flux_numeric,13447.628069738197,1418562.313621601,10.00563742015651,1.0726093133481458,nan,1.0,303.0
228.8299264236638,56.34325477069573,13911.506264579699,,,False,,17.47870071335437,inverse_logistic_from_flux_numeric,13447.628069738197,1418562.313621601,10.00563742015651,1.0726093133481458,nan,1.0,303.0
228.86365724462223,56.321473589914405,12027.716858759311,,,False,,nan,inverse_logistic_from_flux_numeric,13447.628069738197,1418562.313621601,10.00563742015651,1.0726093133481458,nan,1.0,303.0
229.14248574801377,56.131288300769505,14565.140446531057,,,False,,16.65854762660124,inverse_logistic_from_flux_numeric,13447.628069738197,1418562.313621601,10.00563742015651,1.0726093133481458,nan,1.0,303.0
228.52857095867958,56.549652372359716,12063.763099985477,,,False,,nan,inverse_logistic_from_flux_numeric,13447.628069738197,1418562.313621601,10.00563742015651,1.0726093133481458,nan,1.0,303.0
228.61941561341297,56.48839769512581,15506.478654980103,16.443,1.261,False,,16.088243580861146,inverse_logistic_from_flux_numeric,13447.628069738197,1418562.313621601,10.00563742015651,1.0726093133481458,nan,1.0,303.0
229.05428293558847,56.195048478476494,13207.50292013822,,,False,,nan,inverse_logistic_from_flux_numeric,13447.628069738197,1418562.313621601,10.00563742015651,1.0726093133481458,nan,1.0,303.0
229.4828861889407,55.89968153754557,12082.297223065943,,,False,,nan,inverse_logistic_from_flux_numeric,13447.628069738197,1418562.313621601,10.00563742015651,1.0726093133481458,nan,1.0,303.0
229.48265907477588,55.900818733241216,12122.31143713382,,,False,,nan,inverse_logistic_from_flux_numeric,13447.628069738197,1418562.313621601,10.00563742015651,1.0726093133481458,nan,1.0,303.0
228.8859930919543,56.311723714709736,12766.934562753002,,,False,,nan,inverse_logistic_from_flux_numeric,13447.628069738197,1418562.313621601,10.00563742015651,1.0726093133481458,nan,1.0,303.0
229.15491115730094,56.129918216104244,11925.462288118946,,,False,,nan,inverse_logistic_from_flux_numeric,13447.628069738197,1418562.313621601,10.00563742015651,1.0726093133481458,nan,1.0,303.0
229.4223910278116,55.94575899433482,12153.857537401293,,,False,,nan,inverse_logistic_from_flux_numeric,13447.628069738197,1418562.313621601,10.00563742015651,1.0726093133481458,nan,1.0,303.0
229.20369261970245,56.099859371479326,11811.87509890581,,,False,,nan,inverse_logistic_from_flux_numeric,13447.628069738197,1418562.313621601,10.00563742015651,1.0726093133481458,nan,1.0,303.0
229.24781245251555,56.069839758301626,11907.253384061172,,,False,,nan,inverse_logistic_from_flux_numeric,13447.628069738197,1418562.313621601,10.00563742015651,1.0726093133481458,nan,1.0,303.0
229.25313737580706,56.06549942037737,13114.780995008674,,,False,,nan,inverse_logistic_from_flux_numeric,13447.628069738197,1418562.313621601,10.00563742015651,1.0726093133481458,nan,1.0,303.0
229.2442836435946,56.0720423724022,24587.03797225884,14.647,0.578,False,,14.508139433473378,inverse_logistic_from_flux_numeric,13447.628069738197,1418562.313621601,10.00563742015651,1.0726093133481458,nan,1.0,303.0
228.93092739158368,56.28682871062987,19112.067156963843,15.258,0.688,False,,15.14229511366479,inverse_logistic_from_flux_numeric,13447.628069738197,1418562.313621601,10.00563742015651,1.0726093133481458,nan,1.0,303.0
229.2942939064539,56.038159682571525,40098.51392392443,13.684,0.145,False,,13.684425707746534,inverse_logistic_from_flux_numeric,13447.628069738197,1418562.313621601,10.00563742015651,1.0726093133481458,nan,1.0,303.0
228.56940259231888,56.53151565952498,13032.618597637926,,,False,,nan,inverse_logistic_from_flux_numeric,13447.628069738197,1418562.313621601,10.00563742015651,1.0726093133481458,nan,1.0,303.0
229.07235133160947,56.19184988964417,18292.97358451413,15.371,0.595,False,,15.288456854824144,inverse_logistic_from_flux_numeric,13447.628069738197,1418562.313621601,10.00563742015651,1.0726093133481458,nan,1.0,303.0
228.7394740168148,56.41907257453677,11991.454851543258,,,False,,nan,inverse_logistic_from_flux_numeric,13447.628069738197,1418562.313621601,10.00563742015651,1.0726093133481458,nan,1.0,303.0
228.95220962747277,56.27613426246581,11977.754062060741,,,False,,nan,inverse_logistic_from_flux_numeric,13447.628069738197,1418562.313621601,10.00563742015651,1.0726093133481458,nan,1.0,303.0
228.70315895829023,56.44461776106526,12025.946920879498,,,False,,nan,inverse_logistic_from_flux_numeric,13447.628069738197,1418562.313621601,10.00563742015651,1.0726093133481458,nan,1.0,303.0
228.7096978048908,56.43970726898072,12657.73221845237,,,False,,nan,inverse_logistic_from_flux_numeric,13447.628069738197,1418562.313621601,10.00563742015651,1.0726093133481458,nan,1.0,303.0
228.47298752042178,56.597833822667205,111391.55687064584,12.102,0.516,False,,12.421451977113737,inverse_logistic_from_flux_numeric,13447.628069738197,1418562.313621601,10.00563742015651,1.0726093133481458,nan,1.0,303.0
228.70868487830344,56.44149106646262,12228.376872343013,,,False,,nan,inverse_logistic_from_flux_numeric,13447.628069738197,1418562.313621601,10.00563742015651,1.0726093133481458,nan,1.0,303.0
228.7096718347702,56.44097812193003,11946.654773120144,,,False,,nan,inverse_logistic_from_flux_numeric,13447.628069738197,1418562.313621601,10.00563742015651,1.0726093133481458,nan,1.0,303.0
229.20709091845768,56.10353850695601,11883.208035774962,,,False,,nan,inverse_logistic_from_flux_numeric,13447.628069738197,1418562.313621601,10.00563742015651,1.0726093133481458,nan,1.0,303.0
229.12818813966933,56.15742409703839,12150.690315047095,,,False,,nan,inverse_logistic_from_flux_numeric,13447.628069738197,1418562.313621601,10.00563742015651,1.0726093133481458,nan,1.0,303.0
229.50133528272997,55.89972518604513,11836.388762898538,,,False,,nan,inverse_logistic_from_flux_numeric,13447.628069738197,1418562.313621601,10.00563742015651,1.0726093133481458,nan,1.0,303.0
228.70786497652188,56.44291962306645,11937.12285891125,,,False,,nan,inverse_logistic_from_flux_numeric,13447.628069738197,1418562.313621601,10.00563742015651,1.0726093133481458,nan,1.0,303.0
228.70957549999838,56.442153846093106,11966.905739414286,,,False,,nan,inverse_logistic_from_flux_numeric,13447.628069738197,1418562.313621601,10.00563742015651,1.0726093133481458,nan,1.0,303.0
228.84347844151304,56.354925510221314,12708.57637265296,,,False,,nan,inverse_logistic_from_flux_numeric,13447.628069738197,1418562.313621601,10.00563742015651,1.0726093133481458,nan,1.0,303.0
228.54515577506237,56.555439475434966,13633.065863041216,,,False,,18.333719146764025,inverse_logistic_from_flux_numeric,13447.628069738197,1418562.313621601,10.00563742015651,1.0726093133481458,nan,1.0,303.0
228.60178028460479,56.5197987239868,13323.058080104522,,,False,,nan,inverse_logistic_from_flux_numeric,13447.628069738197,1418562.313621601,10.00563742015651,1.0726093133481458,nan,1.0,303.0
228.97133882623984,56.27349757010271,12420.626915300616,,,False,,nan,inverse_logistic_from_flux_numeric,13447.628069738197,1418562.313621601,10.00563742015651,1.0726093133481458,nan,1.0,303.0
229.06651258046358,56.20869872927503,12077.845186722976,,,False,,nan,inverse_logistic_from_flux_numeric,13447.628069738197,1418562.313621601,10.00563742015651,1.0726093133481458,nan,1.0,303.0
229.07583137370605,56.20249207598882,12065.059818057769,,,False,,nan,inverse_logistic_from_flux_numeric,13447.628069738197,1418562.313621601,10.00563742015651,1.0726093133481458,nan,1.0,303.0
228.41013809173222,56.65062388967966,11956.13342898573,,,False,,nan,inverse_logistic_from_flux_numeric,13447.628069738197,1418562.313621601,10.00563742015651,1.0726093133481458,nan,1.0,303.0
228.61043703790978,56.51851956376812,13477.617257308708,,,False,,20.032374187051538,inverse_logistic_from_flux_numeric,13447.628069738197,1418562.313621601,10.00563742015651,1.0726093133481458,nan,1.0,303.0
228.68652686483367,56.46808701572088,11995.314103151943,,,False,,nan,inverse_logistic_from_flux_numeric,13447.628069738197,1418562.313621601,10.00563742015651,1.0726093133481458,nan,1.0,303.0
228.5775483575435,56.54136729986254,21987.64620515533,,,True,Gaia DR3 1600966656066202752,14.757614357779723,inverse_logistic_from_flux_numeric,13447.628069738197,1418562.313621601,10.00563742015651,1.0726093133481458,nan,1.0,303.0
228.59016954877708,56.53509883884292,12293.717904021656,,,False,,nan,inverse_logistic_from_flux_numeric,13447.628069738197,1418562.313621601,10.00563742015651,1.0726093133481458,nan,1.0,303.0
229.23957451787234,56.09555093405036,11979.922750195214,,,False,,nan,inverse_logistic_from_flux_numeric,13447.628069738197,1418562.313621601,10.00563742015651,1.0726093133481458,nan,1.0,303.0
228.80968636205625,56.3887994964338,14851.794012499053,16.349,0.42,False,,16.44547604852165,inverse_logistic_from_flux_numeric,13447.628069738197,1418562.313621601,10.00563742015651,1.0726093133481458,nan,1.0,303.0
229.1408406592341,56.16443252617073,12091.949123596365,,,False,,nan,inverse_logistic_from_flux_numeric,13447.628069738197,1418562.313621601,10.00563742015651,1.0726093133481458,nan,1.0,303.0
229.29192927591194,56.061593313862836,11957.624262103755,,,False,,nan,inverse_logistic_from_flux_numeric,13447.628069738197,1418562.313621601,10.00563742015651,1.0726093133481458,nan,1.0,303.0
228.41569599627377,56.65451141013309,49718.19243966403,,,False,,13.390574877754087,inverse_logistic_from_flux_numeric,13447.628069738197,1418562.313621601,10.00563742015651,1.0726093133481458,nan,1.0,303.0
228.44918144422596,56.63631123531469,12013.360919727922,,,False,,nan,inverse_logistic_from_flux_numeric,13447.628069738197,1418562.313621601,10.00563742015651,1.0726093133481458,nan,1.0,303.0
229.22320991432494,56.11420916164828,13592.525164521305,,,False,,18.56374188940437,inverse_logistic_from_flux_numeric,13447.628069738197,1418562.313621601,10.00563742015651,1.0726093133481458,nan,1.0,303.0
228.44823061967472,56.63779290491859,13971.27549067847,,,False,,17.365668744726733,inverse_logistic_from_flux_numeric,13447.628069738197,1418562.313621601,10.00563742015651,1.0726093133481458,nan,1.0,303.0
228.8807980414112,56.34895491964997,11973.883155183179,,,False,,nan,inverse_logistic_from_flux_numeric,13447.628069738197,1418562.313621601,10.00563742015651,1.0726093133481458,nan,1.0,303.0
229.47371520100137,55.94153653134577,14391.951918325814,,,False,,16.81565476598015,inverse_logistic_from_flux_numeric,13447.628069738197,1418562.313621601,10.00563742015651,1.0726093133481458,nan,1.0,303.0
228.7740205486529,56.420936381551215,12090.621308042742,,,False,,nan,inverse_logistic_from_flux_numeric,13447.628069738197,1418562.313621601,10.00563742015651,1.0726093133481458,nan,1.0,303.0
228.53599617513072,56.58090811627896,12050.514751755876,,,False,,nan,inverse_logistic_from_flux_numeric,13447.628069738197,1418562.313621601,10.00563742015651,1.0726093133481458,nan,1.0,303.0
229.01260699594394,56.26052842289712,12459.850991449253,,,False,,nan,inverse_logistic_from_flux_numeric,13447.628069738197,1418562.313621601,10.00563742015651,1.0726093133481458,nan,1.0,303.0
228.60140081264015,56.53766647791805,47152.53557608567,,,False,,13.460717502521366,inverse_logistic_from_flux_numeric,13447.628069738197,1418562.313621601,10.00563742015651,1.0726093133481458,nan,1.0,303.0
228.5701253579193,56.55951258510636,13831.065781631869,,,False,,17.656306932469775,inverse_logistic_from_flux_numeric,13447.628069738197,1418562.313621601,10.00563742015651,1.0726093133481458,nan,1.0,303.0
228.50089986510855,56.60559870084009,14894.29025146815,,,False,,16.417650686491804,inverse_logistic_from_flux_numeric,13447.628069738197,1418562.313621601,10.00563742015651,1.0726093133481458,nan,1.0,303.0
229.24768388809738,56.101473042102235,12286.083618263303,,,False,,nan,inverse_logistic_from_flux_numeric,13447.628069738197,1418562.313621601,10.00563742015651,1.0726093133481458,nan,1.0,303.0
228.49792943635492,56.609190433028864,12103.724030566176,,,False,,nan,inverse_logistic_from_flux_numeric,13447.628069738197,1418562.313621601,10.00563742015651,1.0726093133481458,nan,1.0,303.0
228.5011809446973,56.60689078117854,12255.620161716586,,,False,,nan,inverse_logistic_from_flux_numeric,13447.628069738197,1418562.313621601,10.00563742015651,1.0726093133481458,nan,1.0,303.0
228.60466012200163,56.53741325391724,37350.029149982,,,False,,13.787758171439563,inverse_logistic_from_flux_numeric,13447.628069738197,1418562.313621601,10.00563742015651,1.0726093133481458,nan,1.0,303.0
228.36502576508718,56.69733953321704,12588.641346912715,,,False,,nan,inverse_logistic_from_flux_numeric,13447.628069738197,1418562.313621601,10.00563742015651,1.0726093133481458,nan,1.0,303.0
228.49965813725035,56.60880268015567,12022.872644660942,,,False,,nan,inverse_logistic_from_flux_numeric,13447.628069738197,1418562.313621601,10.00563742015651,1.0726093133481458,nan,1.0,303.0
229.40427168523192,55.99509296180185,11980.440634877808,,,False,,nan,inverse_logistic_from_flux_numeric,13447.628069738197,1418562.313621601,10.00563742015651,1.0726093133481458,nan,1.0,303.0
229.48666691264373,55.93916615409686,12536.90140709747,,,False,,nan,inverse_logistic_from_flux_numeric,13447.628069738197,1418562.313621601,10.00563742015651,1.0726093133481458,nan,1.0,303.0
229.2630720499541,56.09448081339327,186066.7420155155,11.809,0.519,False,,11.838279347303477,inverse_logistic_from_flux_numeric,13447.628069738197,1418562.313621601,10.00563742015651,1.0726093133481458,nan,1.0,303.0
228.74833170669322,56.44557631784336,12233.068133456036,,,False,,nan,inverse_logistic_from_flux_numeric,13447.628069738197,1418562.313621601,10.00563742015651,1.0726093133481458,nan,1.0,303.0
228.75464488234587,56.44069577972936,13364.303292529961,,,False,,nan,inverse_logistic_from_flux_numeric,13447.628069738197,1418562.313621601,10.00563742015651,1.0726093133481458,nan,1.0,303.0
228.7507219525815,56.44450211761517,12024.748317302503,,,False,,nan,inverse_logistic_from_flux_numeric,13447.628069738197,1418562.313621601,10.00563742015651,1.0726093133481458,nan,1.0,303.0
228.75513469452514,56.44191025052405,12019.641883744447,,,False,,nan,inverse_logistic_from_flux_numeric,13447.628069738197,1418562.313621601,10.00563742015651,1.0726093133481458,nan,1.0,303.0
228.75334560692767,56.4438358683787,11978.817536953715,,,False,,nan,inverse_logistic_from_flux_numeric,13447.628069738197,1418562.313621601,10.00563742015651,1.0726093133481458,nan,1.0,303.0
228.75476180392133,56.443287548725266,11930.985470357615,,,False,,nan,inverse_logistic_from_flux_numeric,13447.628069738197,1418562.313621601,10.00563742015651,1.0726093133481458,nan,1.0,303.0
228.34779031360185,56.715729663554626,12703.667973859201,,,False,,nan,inverse_logistic_from_flux_numeric,13447.628069738197,1418562.313621601,10.00563742015651,1.0726093133481458,nan,1.0,303.0
228.91637363593185,56.33616709776954,11955.497586107751,,,False,,nan,inverse_logistic_from_flux_numeric,13447.628069738197,1418562.313621601,10.00563742015651,1.0726093133481458,nan,1.0,303.0
229.1247968365309,56.1954764432354,11903.209555013995,,,False,,nan,inverse_logistic_from_flux_numeric,13447.628069738197,1418562.313621601,10.00563742015651,1.0726093133481458,nan,1.0,303.0
228.8801038146399,56.36176498011937,17063.800866296297,15.574,0.596,False,,15.562069764355464,inverse_logistic_from_flux_numeric,13447.628069738197,1418562.313621601,10.00563742015651,1.0726093133481458,nan,1.0,303.0
229.29708621598033,56.07751804266776,12332.131613079986,,,False,,nan,inverse_logistic_from_flux_numeric,13447.628069738197,1418562.313621601,10.00563742015651,1.0726093133481458,nan,1.0,303.0
229.52374944557027,55.90191962254757,12547.47896219149,,,False,,nan,inverse_logistic_from_flux_numeric,13447.628069738197,1418562.313621601,10.00563742015651,1.0726093133481458,nan,1.0,303.0
229.4141485448158,55.99799155311893,11893.590760093255,,,False,,nan,inverse_logistic_from_flux_numeric,13447.628069738197,1418562.313621601,10.00563742015651,1.0726093133481458,nan,1.0,303.0
229.46266605243,55.963866318893366,16610.579760715616,,,False,,15.687216811169886,inverse_logistic_from_flux_numeric,13447.628069738197,1418562.313621601,10.00563742015651,1.0726093133481458,nan,1.0,303.0
228.3689442573057,56.708311139108766,12151.133297244576,,,False,,nan,inverse_logistic_from_flux_numeric,13447.628069738197,1418562.313621601,10.00563742015651,1.0726093133481458,nan,1.0,303.0
228.94380756136368,56.32365651167959,26388.36110272088,14.33,0.355,False,,14.367189948819306,inverse_logistic_from_flux_numeric,13447.628069738197,1418562.313621601,10.00563742015651,1.0726093133481458,nan,1.0,303.0
228.74070428886182,56.46221101011514,12898.800151182255,,,False,,nan,inverse_logistic_from_flux_numeric,13447.628069738197,1418562.313621601,10.00563742015651,1.0726093133481458,nan,1.0,303.0
228.52707920032452,56.60625682177916,30010.37837948864,14.088,0.529,False,,14.134690224477499,inverse_logistic_from_flux_numeric,13447.628069738197,1418562.313621601,10.00563742015651,1.0726093133481458,nan,1.0,303.0
229.25589481249662,56.11485951953073,11846.817119046496,,,False,,nan,inverse_logistic_from_flux_numeric,13447.628069738197,1418562.313621601,10.00563742015651,1.0726093133481458,nan,1.0,303.0
228.7588470295456,56.452640140184556,18325.689116452144,15.276,0.449,False,,15.282161345481828,inverse_logistic_from_flux_numeric,13447.628069738197,1418562.313621601,10.00563742015651,1.0726093133481458,nan,1.0,303.0
229.03147481210422,56.26931736711661,11976.878464250034,,,False,,nan,inverse_logistic_from_flux_numeric,13447.628069738197,1418562.313621601,10.00563742015651,1.0726093133481458,nan,1.0,303.0
229.40247620109264,56.01456645700056,25992.34265155258,14.633,0.413,False,,14.396431656578134,inverse_logistic_from_flux_numeric,13447.628069738197,1418562.313621601,10.00563742015651,1.0726093133481458,nan,1.0,303.0
229.43690528313806,55.992968347987635,11849.356575510814,,,False,,nan,inverse_logistic_from_flux_numeric,13447.628069738197,1418562.313621601,10.00563742015651,1.0726093133481458,nan,1.0,303.0
229.47020557413572,55.96894178898526,21170.9957568404,nan,nan,False,,14.851867888726353,inverse_logistic_from_flux_numeric,13447.628069738197,1418562.313621601,10.00563742015651,1.0726093133481458,nan,1.0,303.0
228.87715401819548,56.37961661008577,12050.397854234414,,,False,,nan,inverse_logistic_from_flux_numeric,13447.628069738197,1418562.313621601,10.00563742015651,1.0726093133481458,nan,1.0,303.0
228.4557779488218,56.66323050077672,12115.127667668876,,,False,,nan,inverse_logistic_from_flux_numeric,13447.628069738197,1418562.313621601,10.00563742015651,1.0726093133481458,nan,1.0,303.0
228.85921641094225,56.39395920828418,11973.345058801548,,,False,,nan,inverse_logistic_from_flux_numeric,13447.628069738197,1418562.313621601,10.00563742015651,1.0726093133481458,nan,1.0,303.0
228.45542405934953,56.66426919851743,11977.187913591062,,,False,,nan,inverse_logistic_from_flux_numeric,13447.628069738197,1418562.313621601,10.00563742015651,1.0726093133481458,nan,1.0,303.0
228.33247831810255,56.748353428092436,12168.575482283279,,,False,,nan,inverse_logistic_from_flux_numeric,13447.628069738197,1418562.313621601,10.00563742015651,1.0726093133481458,nan,1.0,303.0
228.9885511987192,56.30889746122114,17434.1896110273,,,False,,15.470911523939787,inverse_logistic_from_flux_numeric,13447.628069738197,1418562.313621601,10.00563742015651,1.0726093133481458,nan,1.0,303.0
228.6095700945786,56.566658814437474,12192.286507645294,,,False,,nan,inverse_logistic_from_flux_numeric,13447.628069738197,1418562.313621601,10.00563742015651,1.0726093133481458,nan,1.0,303.0
228.80599040282917,56.4353438656041,14146.517472410882,,,False,,17.09642002727793,inverse_logistic_from_flux_numeric,13447.628069738197,1418562.313621601,10.00563742015651,1.0726093133481458,nan,1.0,303.0
228.9647769086142,56.328060644994586,15004.979776426188,,,False,,16.348840305093702,inverse_logistic_from_flux_numeric,13447.628069738197,1418562.313621601,10.00563742015651,1.0726093133481458,nan,1.0,303.0
228.71912767028738,56.49410473621609,39942.65578519472,13.612,0.552,False,,13.68999937603138,inverse_logistic_from_flux_numeric,13447.628069738197,1418562.313621601,10.00563742015651,1.0726093133481458,nan,1.0,303.0
228.80241672480335,56.43898762146064,12155.670246726511,,,False,,nan,inverse_logistic_from_flux_numeric,13447.628069738197,1418562.313621601,10.00563742015651,1.0726093133481458,nan,1.0,303.0
228.80653067852347,56.4365859836911,11959.091636659836,,,False,,nan,inverse_logistic_from_flux_numeric,13447.628069738197,1418562.313621601,10.00563742015651,1.0726093133481458,nan,1.0,303.0
228.80476592138876,56.43852377470927,11957.727234283677,,,False,,nan,inverse_logistic_from_flux_numeric,13447.628069738197,1418562.313621601,10.00563742015651,1.0726093133481458,nan,1.0,303.0
228.80644522350968,56.437792071464855,11934.62740616753,,,False,,nan,inverse_logistic_from_flux_numeric,13447.628069738197,1418562.313621601,10.00563742015651,1.0726093133481458,nan,1.0,303.0
228.8581716418308,56.405715036702496,13108.81537503935,,,False,,nan,inverse_logistic_from_flux_numeric,13447.628069738197,1418562.313621601,10.00563742015651,1.0726093133481458,nan,1.0,303.0
228.94566394344304,56.3472403537169,13041.420341907493,,,False,,nan,inverse_logistic_from_flux_numeric,13447.628069738197,1418562.313621601,10.00563742015651,1.0726093133481458,nan,1.0,303.0
229.00316698239246,56.30906303164095,13112.08059411321,,,False,,nan,inverse_logistic_from_flux_numeric,13447.628069738197,1418562.313621601,10.00563742015651,1.0726093133481458,nan,1.0,303.0
229.42086154925443,56.022749469869076,12061.480840288952,,,False,,nan,inverse_logistic_from_flux_numeric,13447.628069738197,1418562.313621601,10.00563742015651,1.0726093133481458,nan,1.0,303.0
228.58995167434833,56.588277408677534,13314.53006689285,,,False,,nan,inverse_logistic_from_flux_numeric,13447.628069738197,1418562.313621601,10.00563742015651,1.0726093133481458,nan,1.0,303.0
228.78084539207845,56.46112170577664,13325.963605152761,,,False,,nan,inverse_logistic_from_flux_numeric,13447.628069738197,1418562.313621601,10.00563742015651,1.0726093133481458,nan,1.0,303.0
228.9727274559137,56.33179048373719,15541.815820330918,,,False,,16.072354200765957,inverse_logistic_from_flux_numeric,13447.628069738197,1418562.313621601,10.00563742015651,1.0726093133481458,nan,1.0,303.0
228.73221583393772,56.49375003664911,38278.5515029112,13.755,0.654,False,,13.751600225705985,inverse_logistic_from_flux_numeric,13447.628069738197,1418562.313621601,10.00563742015651,1.0726093133481458,nan,1.0,303.0
229.1648282690824,56.20113894961911,14100.349675645179,,,False,,17.160166138721387,inverse_logistic_from_flux_numeric,13447.628069738197,1418562.313621601,10.00563742015651,1.0726093133481458,nan,1.0,303.0
228.91628353691215,56.37152147065117,12031.01556763223,,,False,,nan,inverse_logistic_from_flux_numeric,13447.628069738197,1418562.313621601,10.00563742015651,1.0726093133481458,nan,1.0,303.0
229.530034209919,55.949801103592925,14354.689124111137,,,False,,16.853213587401093,inverse_logistic_from_flux_numeric,13447.628069738197,1418562.313621601,10.00563742015651,1.0726093133481458,nan,1.0,303.0
228.9806811298482,56.32798859784105,14009.496281471687,,,False,,17.29996361101618,inverse_logistic_from_flux_numeric,13447.628069738197,1418562.313621601,10.00563742015651,1.0726093133481458,nan,1.0,303.0
229.10104558906295,56.24642445334376,14955.466619308427,,,False,,16.37899558100945,inverse_logistic_from_flux_numeric,13447.628069738197,1418562.313621601,10.00563742015651,1.0726093133481458,nan,1.0,303.0
228.69149270569366,56.523868858013586,13838.561006034968,,,False,,17.63825359766839,inverse_logistic_from_flux_numeric,13447.628069738197,1418562.313621601,10.00563742015651,1.0726093133481458,nan,1.0,303.0
228.41035600372004,56.711504058696306,12238.278093458974,,,False,,nan,inverse_logistic_from_flux_numeric,13447.628069738197,1418562.313621601,10.00563742015651,1.0726093133481458,nan,1.0,303.0
228.7670314064714,56.47299823628929,16827.76809535642,15.969,1.337,False,,15.625156567034974,inverse_logistic_from_flux_numeric,13447.628069738197,1418562.313621601,10.00563742015651,1.0726093133481458,nan,1.0,303.0
228.9251746553128,56.36826092802497,12693.367470048348,,,False,,nan,inverse_logistic_from_flux_numeric,13447.628069738197,1418562.313621601,10.00563742015651,1.0726093133481458,nan,1.0,303.0
229.3548365477996,56.073930314661915,13650.509673748353,,,False,,18.249890381905253,inverse_logistic_from_flux_numeric,13447.628069738197,1418562.313621601,10.00563742015651,1.0726093133481458,nan,1.0,303.0
229.16524830829943,56.20702266650416,12010.582656944185,,,False,,nan,inverse_logistic_from_flux_numeric,13447.628069738197,1418562.313621601,10.00563742015651,1.0726093133481458,nan,1.0,303.0
229.34626341669988,56.082890231782606,15144.390855740776,nan,nan,False,,16.2688160425474,inverse_logistic_from_flux_numeric,13447.628069738197,1418562.313621601,10.00563742015651,1.0726093133481458,nan,1.0,303.0
229.0124630233168,56.31345445748388,12919.10450594943,,,False,,nan,inverse_logistic_from_flux_numeric,13447.628069738197,1418562.313621601,10.00563742015651,1.0726093133481458,nan,1.0,303.0
229.32217805947235,56.10083916256592,22512.124527373257,14.882,0.211,False,,14.701696719076907,inverse_logistic_from_flux_numeric,13447.628069738197,1418562.313621601,10.00563742015651,1.0726093133481458,nan,1.0,303.0
228.50916352302232,56.652489792153524,12074.68990226856,,,False,,nan,inverse_logistic_from_flux_numeric,13447.628069738197,1418562.313621601,10.00563742015651,1.0726093133481458,nan,1.0,303.0
228.5775694213721,56.60735591698437,12169.921628663662,,,False,,nan,inverse_logistic_from_flux_numeric,13447.628069738197,1418562.313621601,10.00563742015651,1.0726093133481458,nan,1.0,303.0
228.5836324314874,56.602445611815384,16574.548893165895,,,False,,15.697922119445884,inverse_logistic_from_flux_numeric,13447.628069738197,1418562.313621601,10.00563742015651,1.0726093133481458,nan,1.0,303.0
229.006464059894,56.3183450198759,13646.38459253788,,,False,,18.269044552235933,inverse_logistic_from_flux_numeric,13447.628069738197,1418562.313621601,10.00563742015651,1.0726093133481458,nan,1.0,303.0
228.58316454631128,56.60367086085876,13296.299300503231,,,False,,nan,inverse_logistic_from_flux_numeric,13447.628069738197,1418562.313621601,10.00563742015651,1.0726093133481458,nan,1.0,303.0
228.77378132812314,56.4769235661522,12062.288796386718,,,False,,nan,inverse_logistic_from_flux_numeric,13447.628069738197,1418562.313621601,10.00563742015651,1.0726093133481458,nan,1.0,303.0
228.82281330069327,56.442992920857115,25486.472501373497,14.425,0.541,False,,14.435144883673207,inverse_logistic_from_flux_numeric,13447.628069738197,1418562.313621601,10.00563742015651,1.0726093133481458,nan,1.0,303.0
228.91158271440108,56.383456463916986,14342.991200318718,,,False,,16.865323052077457,inverse_logistic_from_flux_numeric,13447.628069738197,1418562.313621601,10.00563742015651,1.0726093133481458,nan,1.0,303.0
229.10322203872443,56.253210906237015,22102.466339331793,14.765,0.527,False,,14.745086413575862,inverse_logistic_from_flux_numeric,13447.628069738197,1418562.313621601,10.00563742015651,1.0726093133481458,nan,1.0,303.0
228.58067428310275,56.60600404256167,12463.572694261518,,,False,,nan,inverse_logistic_from_flux_numeric,13447.628069738197,1418562.313621601,10.00563742015651,1.0726093133481458,nan,1.0,303.0
229.09026317974812,56.26240269974576,15121.263759748985,,,False,,16.281626253142313,inverse_logistic_from_flux_numeric,13447.628069738197,1418562.313621601,10.00563742015651,1.0726093133481458,nan,1.0,303.0
228.77295527629303,56.47815703256519,12178.235985033421,,,False,,nan,inverse_logistic_from_flux_numeric,13447.628069738197,1418562.313621601,10.00563742015651,1.0726093133481458,nan,1.0,303.0
229.55657771405427,55.944082952797615,12615.165099892594,,,False,,nan,inverse_logistic_from_flux_numeric,13447.628069738197,1418562.313621601,10.00563742015651,1.0726093133481458,nan,1.0,303.0
228.42778398492305,56.71108005977954,13611.527954884306,16.703,0.672,False,,18.448839371180547,inverse_logistic_from_flux_numeric,13447.628069738197,1418562.313621601,10.00563742015651,1.0726093133481458,nan,1.0,303.0
228.96781383055057,56.35223327980964,14980.657258946248,,,False,,16.363531995075576,inverse_logistic_from_flux_numeric,13447.628069738197,1418562.313621601,10.00563742015651,1.0726093133481458,nan,1.0,303.0
229.21820903845295,56.18400238906528,11866.663107240869,,,False,,nan,inverse_logistic_from_flux_numeric,13447.628069738197,1418562.313621601,10.00563742015651,1.0726093133481458,nan,1.0,303.0
229.36608328670124,56.08210321387713,18936.727385610848,nan,nan,False,,15.171727057317078,inverse_logistic_from_flux_numeric,13447.628069738197,1418562.313621601,10.00563742015651,1.0726093133481458,nan,1.0,303.0
228.66882365124394,56.55628251204395,32000.36239117115,14.126,0.87,False,,14.027572817460417,inverse_logistic_from_flux_numeric,13447.628069738197,1418562.313621601,10.00563742015651,1.0726093133481458,nan,1.0,303.0
229.24717284277347,56.16459774703072,75155.67715489009,12.985,0.687,False,,12.877651970977091,inverse_logistic_from_flux_numeric,13447.628069738197,1418562.313621601,10.00563742015651,1.0726093133481458,nan,1.0,303.0
229.0233075062449,56.31851833439783,12108.651404240094,,,False,,nan,inverse_logistic_from_flux_numeric,13447.628069738197,1418562.313621601,10.00563742015651,1.0726093133481458,nan,1.0,303.0
229.08485024339754,56.277808298449884,11951.137524342128,,,False,,nan,inverse_logistic_from_flux_numeric,13447.628069738197,1418562.313621601,10.00563742015651,1.0726093133481458,nan,1.0,303.0
229.5943709923172,55.926060175827814,12043.770963110592,,,False,,nan,inverse_logistic_from_flux_numeric,13447.628069738197,1418562.313621601,10.00563742015651,1.0726093133481458,nan,1.0,303.0
228.59698767759983,56.606459393827535,11996.54167623117,,,False,,nan,inverse_logistic_from_flux_numeric,13447.628069738197,1418562.313621601,10.00563742015651,1.0726093133481458,nan,1.0,303.0
229.42451884002105,56.046716492905624,11863.49115541855,,,False,,nan,inverse_logistic_from_flux_numeric,13447.628069738197,1418562.313621601,10.00563742015651,1.0726093133481458,nan,1.0,303.0
228.74498440981225,56.50926102041807,58195.139090217555,13.122,0.644,False,,13.188971796945182,inverse_logistic_from_flux_numeric,13447.628069738197,1418562.313621601,10.00563742015651,1.0726093133481458,nan,1.0,303.0
228.54790802429218,56.6418512498584,12757.82923076961,,,False,,nan,inverse_logistic_from_flux_numeric,13447.628069738197,1418562.313621601,10.00563742015651,1.0726093133481458,nan,1.0,303.0
228.94310004781744,56.376878414610594,13610.072858134556,,,False,,18.457154272284,inverse_logistic_from_flux_numeric,13447.628069738197,1418562.313621601,10.00563742015651,1.0726093133481458,nan,1.0,303.0
229.24256258699458,56.174452603435746,11823.179716117196,,,False,,nan,inverse_logistic_from_flux_numeric,13447.628069738197,1418562.313621601,10.00563742015651,1.0726093133481458,nan,1.0,303.0
229.39300656077944,56.071314722531376,12527.806360102019,,,False,,nan,inverse_logistic_from_flux_numeric,13447.628069738197,1418562.313621601,10.00563742015651,1.0726093133481458,nan,1.0,303.0
229.31575284395876,56.1256488812926,11885.547705852083,,,False,,nan,inverse_logistic_from_flux_numeric,13447.628069738197,1418562.313621601,10.00563742015651,1.0726093133481458,nan,1.0,303.0
228.67754436808576,56.55906086320248,12259.041746133475,,,False,,nan,inverse_logistic_from_flux_numeric,13447.628069738197,1418562.313621601,10.00563742015651,1.0726093133481458,nan,1.0,303.0
229.28183812992998,56.14923759926111,11866.518099406218,,,False,,nan,inverse_logistic_from_flux_numeric,13447.628069738197,1418562.313621601,10.00563742015651,1.0726093133481458,nan,1.0,303.0
229.27653015863092,56.15453090343069,11862.524202905577,,,False,,nan,inverse_logistic_from_flux_numeric,13447.628069738197,1418562.313621601,10.00563742015651,1.0726093133481458,nan,1.0,303.0
229.59890168411468,55.93129991102437,12503.53629518162,,,False,,nan,inverse_logistic_from_flux_numeric,13447.628069738197,1418562.313621601,10.00563742015651,1.0726093133481458,nan,1.0,303.0
228.9436023559052,56.382763974049055,12190.385736820766,,,False,,nan,inverse_logistic_from_flux_numeric,13447.628069738197,1418562.313621601,10.00563742015651,1.0726093133481458,nan,1.0,303.0
228.57453968854708,56.62941037361482,12248.296562673277,,,False,,nan,inverse_logistic_from_flux_numeric,13447.628069738197,1418562.313621601,10.00563742015651,1.0726093133481458,nan,1.0,303.0
228.62453551355753,56.596964435867896,13802.39605502435,16.672,0.659,False,,17.728778411611934,inverse_logistic_from_flux_numeric,13447.628069738197,1418562.313621601,10.00563742015651,1.0726093133481458,nan,1.0,303.0
228.6470291419555,56.58319381698532,12025.114729935,,,False,,nan,inverse_logistic_from_flux_numeric,13447.628069738197,1418562.313621601,10.00563742015651,1.0726093133481458,nan,1.0,303.0
229.43560368638293,56.046986905750835,12552.986803289972,,,False,,nan,inverse_logistic_from_flux_numeric,13447.628069738197,1418562.313621601,10.00563742015651,1.0726093133481458,nan,1.0,303.0
229.36871325723047,56.09593881128138,11903.962360031159,,,False,,nan,inverse_logistic_from_flux_numeric,13447.628069738197,1418562.313621601,10.00563742015651,1.0726093133481458,nan,1.0,303.0
229.61010806186678,55.92711267398559,136778.63159605511,12.223,0.605,False,,12.188292402613651,inverse_logistic_from_flux_numeric,13447.628069738197,1418562.313621601,10.00563742015651,1.0726093133481458,nan,1.0,303.0
229.63443315531413,55.91136530443092,12394.778523816256,,,False,,nan,inverse_logistic_from_flux_numeric,13447.628069738197,1418562.313621601,10.00563742015651,1.0726093133481458,nan,1.0,303.0
229.1912682268217,56.22059698402859,11842.998085098761,,,False,,nan,inverse_logistic_from_flux_numeric,13447.628069738197,1418562.313621601,10.00563742015651,1.0726093133481458,nan,1.0,303.0
229.1991500617165,56.21556053692219,11806.999757353908,,,False,,nan,inverse_logistic_from_flux_numeric,13447.628069738197,1418562.313621601,10.00563742015651,1.0726093133481458,nan,1.0,303.0
229.1979096854307,56.216651754752824,12315.423928318593,,,False,,nan,inverse_logistic_from_flux_numeric,13447.628069738197,1418562.313621601,10.00563742015651,1.0726093133481458,nan,1.0,303.0
229.1963762548259,56.21860787224037,11809.531466973664,,,False,,nan,inverse_logistic_from_flux_numeric,13447.628069738197,1418562.313621601,10.00563742015651,1.0726093133481458,nan,1.0,303.0
228.65276787891165,56.5860351188465,13207.341472020087,,,False,,nan,inverse_logistic_from_flux_numeric,13447.628069738197,1418562.313621601,10.00563742015651,1.0726093133481458,nan,1.0,303.0
228.9464683349986,56.38819651426975,26796.237558557666,14.391,0.712,False,,14.337985180760423,inverse_logistic_from_flux_numeric,13447.628069738197,1418562.313621601,10.00563742015651,1.0726093133481458,nan,1.0,303.0
229.1144604796227,56.27492649411869,12059.953754731048,,,False,,nan,inverse_logistic_from_flux_numeric,13447.628069738197,1418562.313621601,10.00563742015651,1.0726093133481458,nan,1.0,303.0
229.50205150193108,56.00852860248414,11712.756056846547,,,False,,nan,inverse_logistic_from_flux_numeric,13447.628069738197,1418562.313621601,10.00563742015651,1.0726093133481458,nan,1.0,303.0
229.3587561773994,56.10835003493319,12459.078550264143,,,False,,nan,inverse_logistic_from_flux_numeric,13447.628069738197,1418562.313621601,10.00563742015651,1.0726093133481458,nan,1.0,303.0
228.45634924576748,56.71791328200132,17159.21141432057,15.596,0.776,False,,15.537726870293064,inverse_logistic_from_flux_numeric,13447.628069738197,1418562.313621601,10.00563742015651,1.0726093133481458,nan,1.0,303.0
229.48326399361076,56.02360622376566,16025.565240415997,,,True,Gaia DR3 1600707514919492736,15.87827737194699,inverse_logistic_from_flux_numeric,13447.628069738197,1418562.313621601,10.00563742015651,1.0726093133481458,nan,1.0,303.0
228.62895587707928,56.60685033869928,12084.957961793853,,,False,,nan,inverse_logistic_from_flux_numeric,13447.628069738197,1418562.313621601,10.00563742015651,1.0726093133481458,nan,1.0,303.0
228.8935632441327,56.431468010468315,12360.663902165947,,,False,,nan,inverse_logistic_from_flux_numeric,13447.628069738197,1418562.313621601,10.00563742015651,1.0726093133481458,nan,1.0,303.0
229.24038067449914,56.194872743874306,12984.50732763051,,,False,,nan,inverse_logistic_from_flux_numeric,13447.628069738197,1418562.313621601,10.00563742015651,1.0726093133481458,nan,1.0,303.0
229.4000797561183,56.08481084845398,28197.245249736392,14.408,0.48,False,,14.243997506753495,inverse_logistic_from_flux_numeric,13447.628069738197,1418562.313621601,10.00563742015651,1.0726093133481458,nan,1.0,303.0
229.28622139064058,56.165642141844,11879.177038568572,,,False,,nan,inverse_logistic_from_flux_numeric,13447.628069738197,1418562.313621601,10.00563742015651,1.0726093133481458,nan,1.0,303.0
229.5676796326217,55.97082783852033,11831.366440569414,,,False,,nan,inverse_logistic_from_flux_numeric,13447.628069738197,1418562.313621601,10.00563742015651,1.0726093133481458,nan,1.0,303.0
229.55978759131722,55.97674460686192,12203.889107148863,,,False,,nan,inverse_logistic_from_flux_numeric,13447.628069738197,1418562.313621601,10.00563742015651,1.0726093133481458,nan,1.0,303.0
229.33326137594304,56.13873605628813,11964.592926283276,,,False,,nan,inverse_logistic_from_flux_numeric,13447.628069738197,1418562.313621601,10.00563742015651,1.0726093133481458,nan,1.0,303.0
229.32364638302258,56.14556773021066,15813.020332188013,nan,nan,False,,15.95863952602523,inverse_logistic_from_flux_numeric,13447.628069738197,1418562.313621601,10.00563742015651,1.0726093133481458,nan,1.0,303.0
229.50680999018124,56.02076777680325,11914.936143799905,,,False,,nan,inverse_logistic_from_flux_numeric,13447.628069738197,1418562.313621601,10.00563742015651,1.0726093133481458,nan,1.0,303.0
228.59231595584114,56.64359310874171,11994.532782753693,,,False,,nan,inverse_logistic_from_flux_numeric,13447.628069738197,1418562.313621601,10.00563742015651,1.0726093133481458,nan,1.0,303.0
229.57696247458932,55.9735436605974,12281.554502987958,,,False,,nan,inverse_logistic_from_flux_numeric,13447.628069738197,1418562.313621601,10.00563742015651,1.0726093133481458,nan,1.0,303.0
228.53444655096763,56.68212531522583,19788.197015296657,15.3,1.065,False,,15.03671717155677,inverse_logistic_from_flux_numeric,13447.628069738197,1418562.313621601,10.00563742015651,1.0726093133481458,nan,1.0,303.0
229.00570169685855,56.36892821784203,11969.732100632362,,,False,,nan,inverse_logistic_from_flux_numeric,13447.628069738197,1418562.313621601,10.00563742015651,1.0726093133481458,nan,1.0,303.0
228.51406029492003,56.701145924711646,12010.90863780944,,,False,,nan,inverse_logistic_from_flux_numeric,13447.628069738197,1418562.313621601,10.00563742015651,1.0726093133481458,nan,1.0,303.0
228.97401280660424,56.39303179137442,11969.72670779376,,,False,,nan,inverse_logistic_from_flux_numeric,13447.628069738197,1418562.313621601,10.00563742015651,1.0726093133481458,nan,1.0,303.0
229.09960887491212,56.307313445002926,12579.261478971639,,,False,,nan,inverse_logistic_from_flux_numeric,13447.628069738197,1418562.313621601,10.00563742015651,1.0726093133481458,nan,1.0,303.0
228.53626836470565,56.686750381325794,12232.091685957732,,,False,,nan,inverse_logistic_from_flux_numeric,13447.628069738197,1418562.313621601,10.00563742015651,1.0726093133481458,nan,1.0,303.0
228.84427896162717,56.4817443592866,11951.088425682497,,,False,,nan,inverse_logistic_from_flux_numeric,13447.628069738197,1418562.313621601,10.00563742015651,1.0726093133481458,nan,1.0,303.0
229.20083082496166,56.239590877687405,13942.638304912925,,,False,,17.418120783821685,inverse_logistic_from_flux_numeric,13447.628069738197,1418562.313621601,10.00563742015651,1.0726093133481458,nan,1.0,303.0
228.8416422122391,56.48499713454192,12121.418421375629,,,False,,nan,inverse_logistic_from_flux_numeric,13447.628069738197,1418562.313621601,10.00563742015651,1.0726093133481458,nan,1.0,303.0
228.6808705456909,56.59413086759903,15075.983338566302,,,False,,16.307227480989404,inverse_logistic_from_flux_numeric,13447.628069738197,1418562.313621601,10.00563742015651,1.0726093133481458,nan,1.0,303.0
229.36391768499394,56.13143117437623,12007.601550258705,,,False,,nan,inverse_logistic_from_flux_numeric,13447.628069738197,1418562.313621601,10.00563742015651,1.0726093133481458,nan,1.0,303.0
229.66256758495695,55.92406700525224,12477.170322469918,,,False,,nan,inverse_logistic_from_flux_numeric,13447.628069738197,1418562.313621601,10.00563742015651,1.0726093133481458,nan,1.0,303.0
228.90289059564768,56.44622155267242,21974.143392450547,14.855,0.629,False,,14.759098627960906,inverse_logistic_from_flux_numeric,13447.628069738197,1418562.313621601,10.00563742015651,1.0726093133481458,nan,1.0,303.0
229.3634330882781,56.13308315981128,12199.722064683921,,,False,,nan,inverse_logistic_from_flux_numeric,13447.628069738197,1418562.313621601,10.00563742015651,1.0726093133481458,nan,1.0,303.0
228.7294200336235,56.56484908870975,12153.069899047548,,,False,,nan,inverse_logistic_from_flux_numeric,13447.628069738197,1418562.313621601,10.00563742015651,1.0726093133481458,nan,1.0,303.0
228.77246868598365,56.53597163687343,17681.921085077563,,,False,,15.414540477337127,inverse_logistic_from_flux_numeric,13447.628069738197,1418562.313621601,10.00563742015651,1.0726093133481458,nan,1.0,303.0
229.50512752499154,56.03687560378428,16637.865158520854,,,False,,15.679190563387351,inverse_logistic_from_flux_numeric,13447.628069738197,1418562.313621601,10.00563742015651,1.0726093133481458,nan,1.0,303.0
228.84910662575965,56.48622846084554,15261.96567776795,16.065,0.781,False,,16.206275064344084,inverse_logistic_from_flux_numeric,13447.628069738197,1418562.313621601,10.00563742015651,1.0726093133481458,nan,1.0,303.0
229.12234180948224,56.302421269369304,11883.266747886393,,,False,,nan,inverse_logistic_from_flux_numeric,13447.628069738197,1418562.313621601,10.00563742015651,1.0726093133481458,nan,1.0,303.0
229.0082850019522,56.3795020608232,44245.911179931594,13.639,0.811,False,,13.546770927106603,inverse_logistic_from_flux_numeric,13447.628069738197,1418562.313621601,10.00563742015651,1.0726093133481458,nan,1.0,303.0
229.33545692856796,56.156295885518205,12177.726853312504,,,False,,nan,inverse_logistic_from_flux_numeric,13447.628069738197,1418562.313621601,10.00563742015651,1.0726093133481458,nan,1.0,303.0
229.39745182292577,56.11294689688072,15733.714896958141,16.002,0.293,False,,15.990486030219838,inverse_logistic_from_flux_numeric,13447.628069738197,1418562.313621601,10.00563742015651,1.0726093133481458,nan,1.0,303.0
228.67001922495402,56.60792382148585,12989.232089216619,,,False,,nan,inverse_logistic_from_flux_numeric,13447.628069738197,1418562.313621601,10.00563742015651,1.0726093133481458,nan,1.0,303.0
229.51743782947827,56.031944531967234,11831.458825317453,,,False,,nan,inverse_logistic_from_flux_numeric,13447.628069738197,1418562.313621601,10.00563742015651,1.0726093133481458,nan,1.0,303.0
229.12052975925434,56.30772628118424,12019.838109264761,,,False,,nan,inverse_logistic_from_flux_numeric,13447.628069738197,1418562.313621601,10.00563742015651,1.0726093133481458,nan,1.0,303.0
229.36530886279664,56.13917274930972,14555.221556153374,16.496,0.158,False,,16.6668661783809,inverse_logistic_from_flux_numeric,13447.628069738197,1418562.313621601,10.00563742015651,1.0726093133481458,nan,1.0,303.0
229.2624527105432,56.21022622155947,23485.797291114595,14.809,0.682,False,,14.605923593877428,inverse_logistic_from_flux_numeric,13447.628069738197,1418562.313621601,10.00563742015651,1.0726093133481458,nan,1.0,303.0
228.69452918510348,56.596297936320205,12381.14962556161,,,False,,nan,inverse_logistic_from_flux_numeric,13447.628069738197,1418562.313621601,10.00563742015651,1.0726093133481458,nan,1.0,303.0
229.09394820852546,56.32674807334751,12248.241927767425,,,False,,nan,inverse_logistic_from_flux_numeric,13447.628069738197,1418562.313621601,10.00563742015651,1.0726093133481458,nan,1.0,303.0
229.46115174236394,56.074806055737945,11925.355261090584,,,False,,nan,inverse_logistic_from_flux_numeric,13447.628069738197,1418562.313621601,10.00563742015651,1.0726093133481458,nan,1.0,303.0
228.78754824846106,56.53485223186991,12190.340103172413,,,False,,nan,inverse_logistic_from_flux_numeric,13447.628069738197,1418562.313621601,10.00563742015651,1.0726093133481458,nan,1.0,303.0
229.20293247284388,56.25378126381406,11896.0507830442,,,False,,nan,inverse_logistic_from_flux_numeric,13447.628069738197,1418562.313621601,10.00563742015651,1.0726093133481458,nan,1.0,303.0
229.10855131157803,56.31860315009156,11887.22637747372,,,False,,nan,inverse_logistic_from_flux_numeric,13447.628069738197,1418562.313621601,10.00563742015651,1.0726093133481458,nan,1.0,303.0
228.6194880242083,56.65167877736333,12037.123570815464,,,False,,nan,inverse_logistic_from_flux_numeric,13447.628069738197,1418562.313621601,10.00563742015651,1.0726093133481458,nan,1.0,303.0
228.49403347660356,56.73520551628353,12387.426930425827,,,False,,nan,inverse_logistic_from_flux_numeric,13447.628069738197,1418562.313621601,10.00563742015651,1.0726093133481458,nan,1.0,303.0
228.41848011954272,56.78667558578903,12055.380113129875,,,False,,nan,inverse_logistic_from_flux_numeric,13447.628069738197,1418562.313621601,10.00563742015651,1.0726093133481458,nan,1.0,303.0
228.84577628659642,56.50215333601023,12055.551773015794,,,False,,nan,inverse_logistic_from_flux_numeric,13447.628069738197,1418562.313621601,10.00563742015651,1.0726093133481458,nan,1.0,303.0
228.90182436411692,56.46424491253029,12289.07009960556,,,False,,nan,inverse_logistic_from_flux_numeric,13447.628069738197,1418562.313621601,10.00563742015651,1.0726093133481458,nan,1.0,303.0
229.28593611047097,56.20346234496402,13491.473418395322,,,False,,19.678245620740682,inverse_logistic_from_flux_numeric,13447.628069738197,1418562.313621601,10.00563742015651,1.0726093133481458,nan,1.0,303.0
228.5758426363939,56.68334581500277,17121.765079815843,,,False,,15.547205629530776,inverse_logistic_from_flux_numeric,13447.628069738197,1418562.313621601,10.00563742015651,1.0726093133481458,nan,1.0,303.0
229.03255112352818,56.3782498685436,15843.35998025265,15.834,0.67,False,,15.946737202743645,inverse_logistic_from_flux_numeric,13447.628069738197,1418562.313621601,10.00563742015651,1.0726093133481458,nan,1.0,303.0
229.2319649850566,56.243887118336666,13813.270676243772,,,False,,17.700622680483477,inverse_logistic_from_flux_numeric,13447.628069738197,1418562.313621601,10.00563742015651,1.0726093133481458,nan,1.0,303.0
229.5892657510255,55.997455341432726,12496.150017524065,,,False,,nan,inverse_logistic_from_flux_numeric,13447.628069738197,1418562.313621601,10.00563742015651,1.0726093133481458,nan,1.0,303.0
228.86187256174247,56.49956891538204,11955.668458918293,,,False,,nan,inverse_logistic_from_flux_numeric,13447.628069738197,1418562.313621601,10.00563742015651,1.0726093133481458,nan,1.0,303.0
229.58298759455815,56.00496389541199,27041.96900697896,14.613,0.342,False,,14.320814013633541,inverse_logistic_from_flux_numeric,13447.628069738197,1418562.313621601,10.00563742015651,1.0726093133481458,nan,1.0,303.0
229.02787472342297,56.38835134976531,43498.390160291005,13.57,0.539,False,,13.570185508467738,inverse_logistic_from_flux_numeric,13447.628069738197,1418562.313621601,10.00563742015651,1.0726093133481458,nan,1.0,303.0
230.11796826733445,55.583082818200204,4015.4212626807966,,,False,,nan,inverse_logistic_from_flux_numeric,13447.628069738197,1418562.313621601,10.00563742015651,1.0726093133481458,nan,1.0,303.0
228.9736737685432,56.42782081125434,15078.930626818235,,,False,,16.305539594676283,inverse_logistic_from_flux_numeric,13447.628069738197,1418562.313621601,10.00563742015651,1.0726093133481458,nan,1.0,303.0
228.6852573638729,56.623176693938845,12112.831295866967,,,False,,nan,inverse_logistic_from_flux_numeric,13447.628069738197,1418562.313621601,10.00563742015651,1.0726093133481458,nan,1.0,303.0
228.65805679303668,56.64167232517512,12125.912449886318,,,False,,nan,inverse_logistic_from_flux_numeric,13447.628069738197,1418562.313621601,10.00563742015651,1.0726093133481458,nan,1.0,303.0
228.6291340792182,56.66134912354264,12112.50299372277,,,False,,nan,inverse_logistic_from_flux_numeric,13447.628069738197,1418562.313621601,10.00563742015651,1.0726093133481458,nan,1.0,303.0
228.980941282258,56.42505075664884,12291.126502731891,,,False,,nan,inverse_logistic_from_flux_numeric,13447.628069738197,1418562.313621601,10.00563742015651,1.0726093133481458,nan,1.0,303.0
229.6520736721698,55.96356459816336,12328.397294613016,,,False,,nan,inverse_logistic_from_flux_numeric,13447.628069738197,1418562.313621601,10.00563742015651,1.0726093133481458,nan,1.0,303.0
229.0205123440626,56.39922244944765,15208.577228263704,,,False,,16.234156169212042,inverse_logistic_from_flux_numeric,13447.628069738197,1418562.313621601,10.00563742015651,1.0726093133481458,nan,1.0,303.0
229.6657740506833,55.95487756489887,14638.66493379631,,,False,,16.599093091048175,inverse_logistic_from_flux_numeric,13447.628069738197,1418562.313621601,10.00563742015651,1.0726093133481458,nan,1.0,303.0
228.97498776032177,56.43034851296902,28620.528661723016,14.186,0.657,False,,14.217335106185004,inverse_logistic_from_flux_numeric,13447.628069738197,1418562.313621601,10.00563742015651,1.0726093133481458,nan,1.0,303.0
228.97991027629612,56.429391244330375,13737.593108401905,,,False,,17.91687092699179,inverse_logistic_from_flux_numeric,13447.628069738197,1418562.313621601,10.00563742015651,1.0726093133481458,nan,1.0,303.0
228.46370533093668,56.77486845603083,15124.9219943186,,,False,,16.27958821169583,inverse_logistic_from_flux_numeric,13447.628069738197,1418562.313621601,10.00563742015651,1.0726093133481458,nan,1.0,303.0
229.08241153792852,56.36083996839769,15771.014178540308,nan,nan,False,,15.975372704967846,inverse_logistic_from_flux_numeric,13447.628069738197,1418562.313621601,10.00563742015651,1.0726093133481458,nan,1.0,303.0
228.94481081281654,56.45428231054252,17644.5905802738,,,False,,15.422821191662802,inverse_logistic_from_flux_numeric,13447.628069738197,1418562.313621601,10.00563742015651,1.0726093133481458,nan,1.0,303.0
229.51886369671095,56.06254435378492,11893.979367357886,,,False,,nan,inverse_logistic_from_flux_numeric,13447.628069738197,1418562.313621601,10.00563742015651,1.0726093133481458,nan,1.0,303.0
229.5562089845423,56.035726305350295,14934.847902994508,,,False,,16.391845924053328,inverse_logistic_from_flux_numeric,13447.628069738197,1418562.313621601,10.00563742015651,1.0726093133481458,nan,1.0,303.0
228.9450202992304,56.45623740367339,12120.048726214061,,,False,,nan,inverse_logistic_from_flux_numeric,13447.628069738197,1418562.313621601,10.00563742015651,1.0726093133481458,nan,1.0,303.0
228.94437204929918,56.45548239902929,13710.235351048465,,,False,,18.009281222944466,inverse_logistic_from_flux_numeric,13447.628069738197,1418562.313621601,10.00563742015651,1.0726093133481458,nan,1.0,303.0
228.61508702202232,56.677411368674086,11992.386157602677,,,False,,nan,inverse_logistic_from_flux_numeric,13447.628069738197,1418562.313621601,10.00563742015651,1.0726093133481458,nan,1.0,303.0
228.94348961769,56.45751310681476,12346.814501406765,,,False,,nan,inverse_logistic_from_flux_numeric,13447.628069738197,1418562.313621601,10.00563742015651,1.0726093133481458,nan,1.0,303.0
228.61429489477146,56.678712898889174,11964.08497636556,,,False,,nan,inverse_logistic_from_flux_numeric,13447.628069738197,1418562.313621601,10.00563742015651,1.0726093133481458,nan,1.0,303.0
228.94505721900478,56.45670071474796,12432.952776485248,,,False,,nan,inverse_logistic_from_flux_numeric,13447.628069738197,1418562.313621601,10.00563742015651,1.0726093133481458,nan,1.0,303.0
229.06968668818922,56.3717559350072,23423.41228632515,14.778,0.671,False,,14.611777438497732,inverse_logistic_from_flux_numeric,13447.628069738197,1418562.313621601,10.00563742015651,1.0726093133481458,nan,1.0,303.0
228.57515235230056,56.67192957124474,12293.507375709527,,,False,,nan,inverse_logistic_from_flux_numeric,13447.628069738197,1418562.313621601,10.00563742015651,1.0726093133481458,nan,1.0,303.0
229.67540295005972,55.9556791799035,11835.526966864361,,,False,,nan,inverse_logistic_from_flux_numeric,13447.628069738197,1418562.313621601,10.00563742015651,1.0726093133481458,nan,1.0,303.0
229.03888727039248,56.393874660226494,14525.085339649939,,,False,,16.69260454353588,inverse_logistic_from_flux_numeric,13447.628069738197,1418562.313621601,10.00563742015651,1.0726093133481458,nan,1.0,303.0
229.51491056016886,56.06806854149487,11934.577832408911,,,False,,nan,inverse_logistic_from_flux_numeric,13447.628069738197,1418562.313621601,10.00563742015651,1.0726093133481458,nan,1.0,303.0
228.6245729812506,56.67365289623319,12260.13762090036,,,False,,nan,inverse_logistic_from_flux_numeric,13447.628069738197,1418562.313621601,10.00563742015651,1.0726093133481458,nan,1.0,303.0
229.5140393250832,56.069302634954965,12070.024682157582,,,False,,nan,inverse_logistic_from_flux_numeric,13447.628069738197,1418562.313621601,10.00563742015651,1.0726093133481458,nan,1.0,303.0
228.74477021811813,56.594197791547955,13394.83601140754,,,False,,nan,inverse_logistic_from_flux_numeric,13447.628069738197,1418562.313621601,10.00563742015651,1.0726093133481458,nan,1.0,303.0
229.08398971977996,56.365871718898234,11964.626722060602,,,False,,nan,inverse_logistic_from_flux_numeric,13447.628069738197,1418562.313621601,10.00563742015651,1.0726093133481458,nan,1.0,303.0
229.58546243003397,56.02156508758813,11988.274159614099,,,False,,nan,inverse_logistic_from_flux_numeric,13447.628069738197,1418562.313621601,10.00563742015651,1.0726093133481458,nan,1.0,303.0
229.4296250001339,56.13159035468808,11742.145911622352,,,False,,nan,inverse_logistic_from_flux_numeric,13447.628069738197,1418562.313621601,10.00563742015651,1.0726093133481458,nan,1.0,303.0
229.55674031252926,56.04378300374992,11855.832217605916,,,False,,nan,inverse_logistic_from_flux_numeric,13447.628069738197,1418562.313621601,10.00563742015651,1.0726093133481458,nan,1.0,303.0
229.58467064902484,56.023766444537884,102316.10075724898,12.931,0.938,False,,12.518557745385799,inverse_logistic_from_flux_numeric,13447.628069738197,1418562.313621601,10.00563742015651,1.0726093133481458,nan,1.0,303.0
229.66355874526442,55.96957641262658,11876.900128030305,,,False,,nan,inverse_logistic_from_flux_numeric,13447.628069738197,1418562.313621601,10.00563742015651,1.0726093133481458,nan,1.0,303.0
229.70305222662415,55.941884964164764,12088.824581866123,,,False,,nan,inverse_logistic_from_flux_numeric,13447.628069738197,1418562.313621601,10.00563742015651,1.0726093133481458,nan,1.0,303.0
229.61988899028742,56.000115358400315,104062.43527343341,12.464,0.035,False,,12.499177130958419,inverse_logistic_from_flux_numeric,13447.628069738197,1418562.313621601,10.00563742015651,1.0726093133481458,nan,1.0,303.0
228.4677454025713,56.78398760326828,12052.059617161045,,,False,,nan,inverse_logistic_from_flux_numeric,13447.628069738197,1418562.313621601,10.00563742015651,1.0726093133481458,nan,1.0,303.0
228.81716946610277,56.551756476102575,12064.296202985845,,,False,,nan,inverse_logistic_from_flux_numeric,13447.628069738197,1418562.313621601,10.00563742015651,1.0726093133481458,nan,1.0,303.0
229.09028563380318,56.368395242264434,11874.43689640655,,,False,,nan,inverse_logistic_from_flux_numeric,13447.628069738197,1418562.313621601,10.00563742015651,1.0726093133481458,nan,1.0,303.0
229.705673764521,55.943117228058696,12279.474989562561,,,False,,nan,inverse_logistic_from_flux_numeric,13447.628069738197,1418562.313621601,10.00563742015651,1.0726093133481458,nan,1.0,303.0
229.2812398817936,56.238154704700456,13490.993241289396,,,False,,19.688512509845005,inverse_logistic_from_flux_numeric,13447.628069738197,1418562.313621601,10.00563742015651,1.0726093133481458,nan,1.0,303.0
229.2756620329749,56.24392207697012,12050.949886411703,,,False,,nan,inverse_logistic_from_flux_numeric,13447.628069738197,1418562.313621601,10.00563742015651,1.0726093133481458,nan,1.0,303.0
228.49904526046848,56.766457455117305,15710.129588968986,,,False,,16.00017016324618,inverse_logistic_from_flux_numeric,13447.628069738197,1418562.313621601,10.00563742015651,1.0726093133481458,nan,1.0,303.0
228.8658781846876,56.52354342249827,11944.545957540347,,,False,,nan,inverse_logistic_from_flux_numeric,13447.628069738197,1418562.313621601,10.00563742015651,1.0726093133481458,nan,1.0,303.0
228.881823114159,56.511855067614455,15561.465947078346,nan,nan,False,,16.06363394220707,inverse_logistic_from_flux_numeric,13447.628069738197,1418562.313621601,10.00563742015651,1.0726093133481458,nan,1.0,303.0
229.28025605906043,56.24200985889145,11865.866830356974,,,False,,nan,inverse_logistic_from_flux_numeric,13447.628069738197,1418562.313621601,10.00563742015651,1.0726093133481458,nan,1.0,303.0
228.49529354634186,56.77057308951575,12115.796109735613,,,False,,nan,inverse_logistic_from_flux_numeric,13447.628069738197,1418562.313621601,10.00563742015651,1.0726093133481458,nan,1.0,303.0
228.49908550351617,56.76920750726956,12058.978491413895,,,False,,nan,inverse_logistic_from_flux_numeric,13447.628069738197,1418562.313621601,10.00563742015651,1.0726093133481458,nan,1.0,303.0
228.77524949178851,56.58549333625027,12074.013804069129,,,False,,nan,inverse_logistic_from_flux_numeric,13447.628069738197,1418562.313621601,10.00563742015651,1.0726093133481458,nan,1.0,303.0
228.4532742637006,56.79979367128455,12243.437490539496,,,False,,nan,inverse_logistic_from_flux_numeric,13447.628069738197,1418562.313621601,10.00563742015651,1.0726093133481458,nan,1.0,303.0
229.3761264424553,56.177618985240755,11843.595397557363,,,False,,nan,inverse_logistic_from_flux_numeric,13447.628069738197,1418562.313621601,10.00563742015651,1.0726093133481458,nan,1.0,303.0
228.69849092525973,56.63717434119962,12184.439852362042,,,False,,nan,inverse_logistic_from_flux_numeric,13447.628069738197,1418562.313621601,10.00563742015651,1.0726093133481458,nan,1.0,303.0
228.61319224097593,56.694367401862664,13271.293940555855,,,False,,nan,inverse_logistic_from_flux_numeric,13447.628069738197,1418562.313621601,10.00563742015651,1.0726093133481458,nan,1.0,303.0
228.81074900786464,56.56471366909635,12110.375340706622,,,False,,nan,inverse_logistic_from_flux_numeric,13447.628069738197,1418562.313621601,10.00563742015651,1.0726093133481458,nan,1.0,303.0
229.5401512959604,56.066143902647404,14059.16962772604,,,False,,17.220949793615517,inverse_logistic_from_flux_numeric,13447.628069738197,1418562.313621601,10.00563742015651,1.0726093133481458,nan,1.0,303.0
228.94888597326448,56.47225115349895,151909.78196234393,11.975,0.706,False,,12.069329986525723,inverse_logistic_from_flux_numeric,13447.628069738197,1418562.313621601,10.00563742015651,1.0726093133481458,nan,1.0,303.0
229.46955002938233,56.116823725743906,12245.806967840152,,,False,,nan,inverse_logistic_from_flux_numeric,13447.628069738197,1418562.313621601,10.00563742015651,1.0726093133481458,nan,1.0,303.0
229.59883507883976,56.0278569337549,11829.705638923542,,,False,,nan,inverse_logistic_from_flux_numeric,13447.628069738197,1418562.313621601,10.00563742015651,1.0726093133481458,nan,1.0,303.0
229.60467110836004,56.023756555062825,11948.03798525064,,,False,,nan,inverse_logistic_from_flux_numeric,13447.628069738197,1418562.313621601,10.00563742015651,1.0726093133481458,nan,1.0,303.0
229.28167402821367,56.247813937214964,12952.951877116622,,,False,,nan,inverse_logistic_from_flux_numeric,13447.628069738197,1418562.313621601,10.00563742015651,1.0726093133481458,nan,1.0,303.0
229.4051883350255,56.16355785816234,13863.36151778426,,,False,,17.58089260646358,inverse_logistic_from_flux_numeric,13447.628069738197,1418562.313621601,10.00563742015651,1.0726093133481458,nan,1.0,303.0
229.71554333195206,55.94821636473449,12346.444496215263,,,False,,nan,inverse_logistic_from_flux_numeric,13447.628069738197,1418562.313621601,10.00563742015651,1.0726093133481458,nan,1.0,303.0
228.9507790986302,56.47522216987883,14268.208155816039,,,False,,16.94668642430799,inverse_logistic_from_flux_numeric,13447.628069738197,1418562.313621601,10.00563742015651,1.0726093133481458,nan,1.0,303.0
228.9069580706196,56.50595287236912,65316.301696578514,13.0,0.638,False,,13.046396418905537,inverse_logistic_from_flux_numeric,13447.628069738197,1418562.313621601,10.00563742015651,1.0726093133481458,nan,1.0,303.0
228.67011259626324,56.66622543293938,12022.754393901008,,,False,,nan,inverse_logistic_from_flux_numeric,13447.628069738197,1418562.313621601,10.00563742015651,1.0726093133481458,nan,1.0,303.0
228.8357862138104,56.554726640494835,14947.662484414976,,,False,,16.383838640126683,inverse_logistic_from_flux_numeric,13447.628069738197,1418562.313621601,10.00563742015651,1.0726093133481458,nan,1.0,303.0
229.53207566534618,56.07919455343405,16309.885720838889,,,False,,15.780549422886185,inverse_logistic_from_flux_numeric,13447.628069738197,1418562.313621601,10.00563742015651,1.0726093133481458,nan,1.0,303.0
228.84280524244716,56.55256016903181,12055.378799424405,,,False,,nan,inverse_logistic_from_flux_numeric,13447.628069738197,1418562.313621601,10.00563742015651,1.0726093133481458,nan,1.0,303.0
228.80792348751743,56.57898050814093,11984.466208641767,,,False,,nan,inverse_logistic_from_flux_numeric,13447.628069738197,1418562.313621601,10.00563742015651,1.0726093133481458,nan,1.0,303.0
228.81376773429614,56.57413664250349,14581.034069309164,,,False,,16.645370922420042,inverse_logistic_from_flux_numeric,13447.628069738197,1418562.313621601,10.00563742015651,1.0726093133481458,nan,1.0,303.0
229.50392634878835,56.103945622856195,12810.36589401553,,,False,,nan,inverse_logistic_from_flux_numeric,13447.628069738197,1418562.313621601,10.00563742015651,1.0726093133481458,nan,1.0,303.0
228.97358608764154,56.467114054141895,17737.794358654515,15.498,0.652,False,,15.40228158347535,inverse_logistic_from_flux_numeric,13447.628069738197,1418562.313621601,10.00563742015651,1.0726093133481458,nan,1.0,303.0
228.81431664452444,56.575428964705935,12020.904110758165,,,False,,nan,inverse_logistic_from_flux_numeric,13447.628069738197,1418562.313621601,10.00563742015651,1.0726093133481458,nan,1.0,303.0
228.81090861911792,56.57766982660355,12335.091465730684,,,False,,nan,inverse_logistic_from_flux_numeric,13447.628069738197,1418562.313621601,10.00563742015651,1.0726093133481458,nan,1.0,303.0
228.74177028113587,56.62622215869437,12387.782702326627,,,False,,nan,inverse_logistic_from_flux_numeric,13447.628069738197,1418562.313621601,10.00563742015651,1.0726093133481458,nan,1.0,303.0
228.47607630260097,56.80345285319035,12127.808114902013,,,False,,nan,inverse_logistic_from_flux_numeric,13447.628069738197,1418562.313621601,10.00563742015651,1.0726093133481458,nan,1.0,303.0
229.49757393426867,56.11379381321837,11849.259378714234,,,False,,nan,inverse_logistic_from_flux_numeric,13447.628069738197,1418562.313621601,10.00563742015651,1.0726093133481458,nan,1.0,303.0
229.12960293878848,56.36580966891273,20905.312824008088,15.031,0.631,False,,14.884680950959364,inverse_logistic_from_flux_numeric,13447.628069738197,1418562.313621601,10.00563742015651,1.0726093133481458,nan,1.0,303.0
228.75247799356174,56.62143115155053,16910.816609091635,15.673,0.922,False,,15.602471867251673,inverse_logistic_from_flux_numeric,13447.628069738197,1418562.313621601,10.00563742015651,1.0726093133481458,nan,1.0,303.0
229.43610012370914,56.157026759320196,15482.85436673857,,,False,,16.099018875308502,inverse_logistic_from_flux_numeric,13447.628069738197,1418562.313621601,10.00563742015651,1.0726093133481458,nan,1.0,303.0
228.50675019081115,56.78713586714309,27458.424251646167,14.303,0.569,False,,14.292403002422688,inverse_logistic_from_flux_numeric,13447.628069738197,1418562.313621601,10.00563742015651,1.0726093133481458,nan,1.0,303.0
228.65996791051842,56.68719235981143,12119.694866272823,,,False,,nan,inverse_logistic_from_flux_numeric,13447.628069738197,1418562.313621601,10.00563742015651,1.0726093133481458,nan,1.0,303.0
229.12106505771277,56.37798384941291,12006.796354468652,,,False,,nan,inverse_logistic_from_flux_numeric,13447.628069738197,1418562.313621601,10.00563742015651,1.0726093133481458,nan,1.0,303.0
228.5881201834659,56.736486645332555,19554.183262274848,15.141,0.665,False,,15.071933137207985,inverse_logistic_from_flux_numeric,13447.628069738197,1418562.313621601,10.00563742015651,1.0726093133481458,nan,1.0,303.0
228.7765967626624,56.61234478252438,12077.493857862879,,,False,,nan,inverse_logistic_from_flux_numeric,13447.628069738197,1418562.313621601,10.00563742015651,1.0726093133481458,nan,1.0,303.0
229.1566229908931,56.35563917927962,12172.477635776972,,,False,,nan,inverse_logistic_from_flux_numeric,13447.628069738197,1418562.313621601,10.00563742015651,1.0726093133481458,nan,1.0,303.0
229.73482976882846,55.95635378292886,12486.896529056836,,,False,,nan,inverse_logistic_from_flux_numeric,13447.628069738197,1418562.313621601,10.00563742015651,1.0726093133481458,nan,1.0,303.0
228.866322163349,56.55355192493828,201803.9599680834,11.76,1.028,False,,11.744956610958337,inverse_logistic_from_flux_numeric,13447.628069738197,1418562.313621601,10.00563742015651,1.0726093133481458,nan,1.0,303.0
229.57889344844614,56.067175625540266,12000.244731967523,,,False,,nan,inverse_logistic_from_flux_numeric,13447.628069738197,1418562.313621601,10.00563742015651,1.0726093133481458,nan,1.0,303.0
228.79571556696894,56.603678677969526,11975.905463993548,,,False,,nan,inverse_logistic_from_flux_numeric,13447.628069738197,1418562.313621601,10.00563742015651,1.0726093133481458,nan,1.0,303.0
229.3878014982878,56.200581150195646,14828.87292614014,,,False,,16.460835469377308,inverse_logistic_from_flux_numeric,13447.628069738197,1418562.313621601,10.00563742015651,1.0726093133481458,nan,1.0,303.0
229.7374534049588,55.95732164368088,12415.679881399294,,,False,,nan,inverse_logistic_from_flux_numeric,13447.628069738197,1418562.313621601,10.00563742015651,1.0726093133481458,nan,1.0,303.0
228.86286454244265,56.55853797122629,13721.707387310315,,,False,,17.969410208445474,inverse_logistic_from_flux_numeric,13447.628069738197,1418562.313621601,10.00563742015651,1.0726093133481458,nan,1.0,303.0
229.1589618840089,56.359560528214814,14310.66817045373,,,False,,16.899623733241093,inverse_logistic_from_flux_numeric,13447.628069738197,1418562.313621601,10.00563742015651,1.0726093133481458,nan,1.0,303.0
229.38426363942133,56.204998283076385,34108.00062895584,14.111,0.411,False,,13.925838181433111,inverse_logistic_from_flux_numeric,13447.628069738197,1418562.313621601,10.00563742015651,1.0726093133481458,nan,1.0,303.0
229.0595272644693,56.42738277036128,27120.25748062495,14.28,0.474,False,,14.315407902321173,inverse_logistic_from_flux_numeric,13447.628069738197,1418562.313621601,10.00563742015651,1.0726093133481458,nan,1.0,303.0
228.62871530255518,56.71727273428345,26076.4360303133,14.467,0.736,False,,14.390146505744884,inverse_logistic_from_flux_numeric,13447.628069738197,1418562.313621601,10.00563742015651,1.0726093133481458,nan,1.0,303.0
229.17069364316592,56.35248161734709,15403.912430390794,16.155,0.47,False,,16.135953420562153,inverse_logistic_from_flux_numeric,13447.628069738197,1418562.313621601,10.00563742015651,1.0726093133481458,nan,1.0,303.0
228.9176479064746,56.52663193308313,12062.354695579772,,,False,,nan,inverse_logistic_from_flux_numeric,13447.628069738197,1418562.313621601,10.00563742015651,1.0726093133481458,nan,1.0,303.0
229.0640559221808,56.4274371716981,16407.865710190024,,,False,,15.749103935293267,inverse_logistic_from_flux_numeric,13447.628069738197,1418562.313621601,10.00563742015651,1.0726093133481458,nan,1.0,303.0
228.9271795123487,56.521710590103766,12113.69803561118,,,False,,nan,inverse_logistic_from_flux_numeric,13447.628069738197,1418562.313621601,10.00563742015651,1.0726093133481458,nan,1.0,303.0
229.4282894386596,56.17918059894637,15260.36677213837,16.066,0.409,False,,16.207098094013702,inverse_logistic_from_flux_numeric,13447.628069738197,1418562.313621601,10.00563742015651,1.0726093133481458,nan,1.0,303.0
228.50022581430508,56.807654628392065,12128.350912103471,,,False,,nan,inverse_logistic_from_flux_numeric,13447.628069738197,1418562.313621601,10.00563742015651,1.0726093133481458,nan,1.0,303.0
229.0541884330426,56.43805327420641,12328.494011536004,,,False,,nan,inverse_logistic_from_flux_numeric,13447.628069738197,1418562.313621601,10.00563742015651,1.0726093133481458,nan,1.0,303.0
229.13230159412788,56.38443800747803,28941.082441654376,14.48,0.787,False,,14.197628671151428,inverse_logistic_from_flux_numeric,13447.628069738197,1418562.313621601,10.00563742015651,1.0726093133481458,nan,1.0,303.0
228.9324404786181,56.521104930011276,26953.274895065348,,,False,,14.32697604684327,inverse_logistic_from_flux_numeric,13447.628069738197,1418562.313621601,10.00563742015651,1.0726093133481458,nan,1.0,303.0
228.84292249457334,56.58325882962663,12268.653121305195,,,False,,nan,inverse_logistic_from_flux_numeric,13447.628069738197,1418562.313621601,10.00563742015651,1.0726093133481458,nan,1.0,303.0
229.59947834778308,56.06669921246203,14355.152490326587,,,False,,16.852737138977112,inverse_logistic_from_flux_numeric,13447.628069738197,1418562.313621601,10.00563742015651,1.0726093133481458,nan,1.0,303.0
228.93194741489273,56.52544680446626,174844.37138592146,11.908,0.943,False,,11.909401362655004,inverse_logistic_from_flux_numeric,13447.628069738197,1418562.313621601,10.00563742015651,1.0726093133481458,nan,1.0,303.0
229.07093706538294,56.43278832125339,12009.307586353236,,,False,,nan,inverse_logistic_from_flux_numeric,13447.628069738197,1418562.313621601,10.00563742015651,1.0726093133481458,nan,1.0,303.0
229.2868600237491,56.28513640402429,137940.83405370737,12.185,0.623,False,,12.178702297537157,inverse_logistic_from_flux_numeric,13447.628069738197,1418562.313621601,10.00563742015651,1.0726093133481458,nan,1.0,303.0
228.82970714958074,56.59663649945899,12269.002377863386,,,False,,nan,inverse_logistic_from_flux_numeric,13447.628069738197,1418562.313621601,10.00563742015651,1.0726093133481458,nan,1.0,303.0
229.04321401058021,56.4527848231228,15043.253550551894,,,False,,16.326179374604997,inverse_logistic_from_flux_numeric,13447.628069738197,1418562.313621601,10.00563742015651,1.0726093133481458,nan,1.0,303.0
229.10826308870372,56.4087844242446,42262.282361252655,13.651,0.498,False,,13.610183740318284,inverse_logistic_from_flux_numeric,13447.628069738197,1418562.313621601,10.00563742015651,1.0726093133481458,nan,1.0,303.0
229.0141425311194,56.47348748832271,121916.88978640156,12.214,0.592,False,,12.318752646358352,inverse_logistic_from_flux_numeric,13447.628069738197,1418562.313621601,10.00563742015651,1.0726093133481458,nan,1.0,303.0
229.71032321185376,55.99505524007289,15133.55863572704,,,False,,16.274794206693713,inverse_logistic_from_flux_numeric,13447.628069738197,1418562.313621601,10.00563742015651,1.0726093133481458,nan,1.0,303.0
229.25999954621741,56.30774077490584,14548.939987378008,,,False,,16.672172848644543,inverse_logistic_from_flux_numeric,13447.628069738197,1418562.313621601,10.00563742015651,1.0726093133481458,nan,1.0,303.0
228.97464731005306,56.504358178783875,12042.058094008804,,,False,,nan,inverse_logistic_from_flux_numeric,13447.628069738197,1418562.313621601,10.00563742015651,1.0726093133481458,nan,1.0,303.0
229.22359113296264,56.33558148422786,25878.055441179415,14.649,0.562,False,,14.40504076207177,inverse_logistic_from_flux_numeric,13447.628069738197,1418562.313621601,10.00563742015651,1.0726093133481458,nan,1.0,303.0
229.50528708285262,56.142594426874744,11831.42276451116,,,False,,nan,inverse_logistic_from_flux_numeric,13447.628069738197,1418562.313621601,10.00563742015651,1.0726093133481458,nan,1.0,303.0
229.55783609856275,56.10963328057202,11807.025590164501,,,False,,nan,inverse_logistic_from_flux_numeric,13447.628069738197,1418562.313621601,10.00563742015651,1.0726093133481458,nan,1.0,303.0
228.7536044755243,56.65769684753003,12044.361119955978,,,False,,nan,inverse_logistic_from_flux_numeric,13447.628069738197,1418562.313621601,10.00563742015651,1.0726093133481458,nan,1.0,303.0
229.4507408736101,56.184510724351824,11944.260651601664,,,False,,nan,inverse_logistic_from_flux_numeric,13447.628069738197,1418562.313621601,10.00563742015651,1.0726093133481458,nan,1.0,303.0
228.65061610929138,56.72783307140147,12002.295672262364,,,False,,nan,inverse_logistic_from_flux_numeric,13447.628069738197,1418562.313621601,10.00563742015651,1.0726093133481458,nan,1.0,303.0
229.6218451807101,56.068050118636286,11953.55174095886,,,False,,nan,inverse_logistic_from_flux_numeric,13447.628069738197,1418562.313621601,10.00563742015651,1.0726093133481458,nan,1.0,303.0
229.7000634616771,56.01353433550357,12870.888549100517,,,False,,nan,inverse_logistic_from_flux_numeric,13447.628069738197,1418562.313621601,10.00563742015651,1.0726093133481458,nan,1.0,303.0
229.55935176850753,56.11275195506102,11756.786202100422,,,False,,nan,inverse_logistic_from_flux_numeric,13447.628069738197,1418562.313621601,10.00563742015651,1.0726093133481458,nan,1.0,303.0
229.4084444982846,56.21752214164641,11792.117824141931,,,False,,nan,inverse_logistic_from_flux_numeric,13447.628069738197,1418562.313621601,10.00563742015651,1.0726093133481458,nan,1.0,303.0
229.5560997212358,56.11420821767937,25068.422732029052,14.734,0.353,False,,14.468374473427051,inverse_logistic_from_flux_numeric,13447.628069738197,1418562.313621601,10.00563742015651,1.0726093133481458,nan,1.0,303.0
228.87130600314256,56.582769360495035,15427.32743681886,,,False,,16.124845232318243,inverse_logistic_from_flux_numeric,13447.628069738197,1418562.313621601,10.00563742015651,1.0726093133481458,nan,1.0,303.0
228.95469900456453,56.527933092869986,12440.498021817093,,,False,,nan,inverse_logistic_from_flux_numeric,13447.628069738197,1418562.313621601,10.00563742015651,1.0726093133481458,nan,1.0,303.0
229.64770173643376,56.05378901820694,15462.639534829415,,,False,,16.108338706081703,inverse_logistic_from_flux_numeric,13447.628069738197,1418562.313621601,10.00563742015651,1.0726093133481458,nan,1.0,303.0
229.36979368118014,56.24792620388375,11831.47747046189,,,False,,nan,inverse_logistic_from_flux_numeric,13447.628069738197,1418562.313621601,10.00563742015651,1.0726093133481458,nan,1.0,303.0
228.80723975777374,56.63046875782161,12011.739690274688,,,False,,nan,inverse_logistic_from_flux_numeric,13447.628069738197,1418562.313621601,10.00563742015651,1.0726093133481458,nan,1.0,303.0
228.79994486776795,56.63610194727119,11987.868198944121,,,False,,nan,inverse_logistic_from_flux_numeric,13447.628069738197,1418562.313621601,10.00563742015651,1.0726093133481458,nan,1.0,303.0
229.29416807738826,56.30096226149227,11936.97150663367,,,False,,nan,inverse_logistic_from_flux_numeric,13447.628069738197,1418562.313621601,10.00563742015651,1.0726093133481458,nan,1.0,303.0
229.27990603187564,56.31175739772717,12190.610801039596,,,False,,nan,inverse_logistic_from_flux_numeric,13447.628069738197,1418562.313621601,10.00563742015651,1.0726093133481458,nan,1.0,303.0
229.27147565306268,56.318025478325055,11985.428368429699,,,False,,nan,inverse_logistic_from_flux_numeric,13447.628069738197,1418562.313621601,10.00563742015651,1.0726093133481458,nan,1.0,303.0
229.30420743911156,56.295975623577135,11945.092047477572,,,False,,nan,inverse_logistic_from_flux_numeric,13447.628069738197,1418562.313621601,10.00563742015651,1.0726093133481458,nan,1.0,303.0
229.57428703385946,56.10875494173412,12043.046197447093,,,False,,nan,inverse_logistic_from_flux_numeric,13447.628069738197,1418562.313621601,10.00563742015651,1.0726093133481458,nan,1.0,303.0
229.59021365226087,56.099693003282574,11843.360281798292,,,False,,nan,inverse_logistic_from_flux_numeric,13447.628069738197,1418562.313621601,10.00563742015651,1.0726093133481458,nan,1.0,303.0
229.037454716089,56.47798411365915,14531.623494601456,,,False,,16.6869599406919,inverse_logistic_from_flux_numeric,13447.628069738197,1418562.313621601,10.00563742015651,1.0726093133481458,nan,1.0,303.0
229.64720717430586,56.059577601286335,12025.975595189366,,,False,,nan,inverse_logistic_from_flux_numeric,13447.628069738197,1418562.313621601,10.00563742015651,1.0726093133481458,nan,1.0,303.0
229.12225850790134,56.4216002925037,38767.755774269775,13.767,0.433,False,,13.733080586371013,inverse_logistic_from_flux_numeric,13447.628069738197,1418562.313621601,10.00563742015651,1.0726093133481458,nan,1.0,303.0
229.7529961550887,55.98621698737466,21738.953531319836,,,False,,14.785333067008217,inverse_logistic_from_flux_numeric,13447.628069738197,1418562.313621601,10.00563742015651,1.0726093133481458,nan,1.0,303.0
229.76621444640384,55.98196312207442,11906.309076096053,,,False,,nan,inverse_logistic_from_flux_numeric,13447.628069738197,1418562.313621601,10.00563742015651,1.0726093133481458,nan,1.0,303.0
229.1599375754255,56.402902196523584,13012.535792135293,,,False,,nan,inverse_logistic_from_flux_numeric,13447.628069738197,1418562.313621601,10.00563742015651,1.0726093133481458,nan,1.0,303.0
229.12037299972502,56.42974870664671,14396.006374231512,,,False,,16.81165778575869,inverse_logistic_from_flux_numeric,13447.628069738197,1418562.313621601,10.00563742015651,1.0726093133481458,nan,1.0,303.0
229.72650137525343,56.01226615568568,12626.674103269539,,,False,,nan,inverse_logistic_from_flux_numeric,13447.628069738197,1418562.313621601,10.00563742015651,1.0726093133481458,nan,1.0,303.0
229.28014107640735,56.3237595554924,12062.417834662865,,,False,,nan,inverse_logistic_from_flux_numeric,13447.628069738197,1418562.313621601,10.00563742015651,1.0726093133481458,nan,1.0,303.0
229.4901336426267,56.181373863494144,14699.72585580621,16.396,0.079,False,,16.552440852618325,inverse_logistic_from_flux_numeric,13447.628069738197,1418562.313621601,10.00563742015651,1.0726093133481458,nan,1.0,303.0
229.5144265268601,56.16485412493168,12457.937698948374,,,False,,nan,inverse_logistic_from_flux_numeric,13447.628069738197,1418562.313621601,10.00563742015651,1.0726093133481458,nan,1.0,303.0
229.76540669847896,55.99060392958604,12659.160900851943,,,False,,nan,inverse_logistic_from_flux_numeric,13447.628069738197,1418562.313621601,10.00563742015651,1.0726093133481458,nan,1.0,303.0
229.783526075991,55.978285576891345,12530.664813352725,,,False,,nan,inverse_logistic_from_flux_numeric,13447.628069738197,1418562.313621601,10.00563742015651,1.0726093133481458,nan,1.0,303.0
228.82242207745028,56.63792803459818,12038.574298105032,,,False,,nan,inverse_logistic_from_flux_numeric,13447.628069738197,1418562.313621601,10.00563742015651,1.0726093133481458,nan,1.0,303.0
229.29045298601335,56.320519526412475,14278.202264787096,,,False,,16.935393526357373,inverse_logistic_from_flux_numeric,13447.628069738197,1418562.313621601,10.00563742015651,1.0726093133481458,nan,1.0,303.0
229.64341190377715,56.07863411378906,11945.984660857417,,,False,,nan,inverse_logistic_from_flux_numeric,13447.628069738197,1418562.313621601,10.00563742015651,1.0726093133481458,nan,1.0,303.0
229.35936333274645,56.276300079669085,11860.804599855026,,,False,,nan,inverse_logistic_from_flux_numeric,13447.628069738197,1418562.313621601,10.00563742015651,1.0726093133481458,nan,1.0,303.0
229.51739012141022,56.16683643361033,12597.403481182286,,,False,,nan,inverse_logistic_from_flux_numeric,13447.628069738197,1418562.313621601,10.00563742015651,1.0726093133481458,nan,1.0,303.0
229.5869544315396,56.118558433386625,14384.389141398316,,,False,,16.823156375609457,inverse_logistic_from_flux_numeric,13447.628069738197,1418562.313621601,10.00563742015651,1.0726093133481458,nan,1.0,303.0
228.97209904003316,56.540715930085064,11932.819316015786,,,False,,nan,inverse_logistic_from_flux_numeric,13447.628069738197,1418562.313621601,10.00563742015651,1.0726093133481458,nan,1.0,303.0
228.97150431319605,56.54185463027683,12076.434411942311,,,False,,nan,inverse_logistic_from_flux_numeric,13447.628069738197,1418562.313621601,10.00563742015651,1.0726093133481458,nan,1.0,303.0
229.2200204532761,56.373998363650315,11890.002723328978,,,False,,nan,inverse_logistic_from_flux_numeric,13447.628069738197,1418562.313621601,10.00563742015651,1.0726093133481458,nan,1.0,303.0
229.22571777529268,56.36917765380007,14577.304965711463,,,False,,16.648445905215695,inverse_logistic_from_flux_numeric,13447.628069738197,1418562.313621601,10.00563742015651,1.0726093133481458,nan,1.0,303.0
229.22227819875405,56.37280220961291,12083.242274380413,,,False,,nan,inverse_logistic_from_flux_numeric,13447.628069738197,1418562.313621601,10.00563742015651,1.0726093133481458,nan,1.0,303.0
229.37733459439022,56.26661122752949,11818.123111339624,,,False,,nan,inverse_logistic_from_flux_numeric,13447.628069738197,1418562.313621601,10.00563742015651,1.0726093133481458,nan,1.0,303.0
229.2263596676837,56.37041886118576,11892.36029416112,,,False,,nan,inverse_logistic_from_flux_numeric,13447.628069738197,1418562.313621601,10.00563742015651,1.0726093133481458,nan,1.0,303.0
229.2245997721577,56.37236233855461,11966.767190463115,,,False,,nan,inverse_logistic_from_flux_numeric,13447.628069738197,1418562.313621601,10.00563742015651,1.0726093133481458,nan,1.0,303.0
229.37655313039295,56.26776629001015,11857.43047395232,,,False,,nan,inverse_logistic_from_flux_numeric,13447.628069738197,1418562.313621601,10.00563742015651,1.0726093133481458,nan,1.0,303.0
229.37490739073377,56.269795998995534,11782.326099623866,,,False,,nan,inverse_logistic_from_flux_numeric,13447.628069738197,1418562.313621601,10.00563742015651,1.0726093133481458,nan,1.0,303.0
229.22630133561034,56.37160473706881,11876.753471888209,,,False,,nan,inverse_logistic_from_flux_numeric,13447.628069738197,1418562.313621601,10.00563742015651,1.0726093133481458,nan,1.0,303.0
229.1279195684603,56.43823464722184,29271.955041778117,14.295,0.544,False,,14.177706288998237,inverse_logistic_from_flux_numeric,13447.628069738197,1418562.313621601,10.00563742015651,1.0726093133481458,nan,1.0,303.0
228.63196579274458,56.77161361262025,39811.79579645721,13.717,0.693,False,,13.694703971948297,inverse_logistic_from_flux_numeric,13447.628069738197,1418562.313621601,10.00563742015651,1.0726093133481458,nan,1.0,303.0
229.36427698401056,56.27852082292699,12102.536430352271,,,False,,nan,inverse_logistic_from_flux_numeric,13447.628069738197,1418562.313621601,10.00563742015651,1.0726093133481458,nan,1.0,303.0
229.52596026021186,56.1674543207126,11838.809991926262,,,False,,nan,inverse_logistic_from_flux_numeric,13447.628069738197,1418562.313621601,10.00563742015651,1.0726093133481458,nan,1.0,303.0
228.94407245907226,56.565612086126876,11985.780979603085,,,False,,nan,inverse_logistic_from_flux_numeric,13447.628069738197,1418562.313621601,10.00563742015651,1.0726093133481458,nan,1.0,303.0
229.69543108413373,56.04931606758873,36460.22706077288,13.959,0.102,False,,13.823727540368509,inverse_logistic_from_flux_numeric,13447.628069738197,1418562.313621601,10.00563742015651,1.0726093133481458,nan,1.0,303.0
229.36749326621012,56.27859195477567,17579.108588887622,,,False,,15.437525493446106,inverse_logistic_from_flux_numeric,13447.628069738197,1418562.313621601,10.00563742015651,1.0726093133481458,nan,1.0,303.0
228.60094463032328,56.797838676173455,16609.418517558523,15.765,0.779,False,,15.687559932179997,inverse_logistic_from_flux_numeric,13447.628069738197,1418562.313621601,10.00563742015651,1.0726093133481458,nan,1.0,303.0
229.42373149270873,56.24340370646448,12270.302486704124,,,False,,nan,inverse_logistic_from_flux_numeric,13447.628069738197,1418562.313621601,10.00563742015651,1.0726093133481458,nan,1.0,303.0
228.6122967689296,56.793081672468894,15331.462501006768,,,False,,16.171184590536164,inverse_logistic_from_flux_numeric,13447.628069738197,1418562.313621601,10.00563742015651,1.0726093133481458,nan,1.0,303.0
228.60630751392046,56.79838206683914,12066.738300072275,,,False,,nan,inverse_logistic_from_flux_numeric,13447.628069738197,1418562.313621601,10.00563742015651,1.0726093133481458,nan,1.0,303.0
228.61194161301276,56.795371686781955,12268.543687208756,,,False,,nan,inverse_logistic_from_flux_numeric,13447.628069738197,1418562.313621601,10.00563742015651,1.0726093133481458,nan,1.0,303.0
228.6125046094624,56.794604322590345,12129.902204139014,,,False,,nan,inverse_logistic_from_flux_numeric,13447.628069738197,1418562.313621601,10.00563742015651,1.0726093133481458,nan,1.0,303.0
228.61065284682644,56.79659221321481,12127.839593863635,,,False,,nan,inverse_logistic_from_flux_numeric,13447.628069738197,1418562.313621601,10.00563742015651,1.0726093133481458,nan,1.0,303.0
228.93257226632576,56.581317461822245,14593.706030090072,,,False,,16.634996770641195,inverse_logistic_from_flux_numeric,13447.628069738197,1418562.313621601,10.00563742015651,1.0726093133481458,nan,1.0,303.0
228.96136997781358,56.56449068790436,12015.754048140445,,,False,,nan,inverse_logistic_from_flux_numeric,13447.628069738197,1418562.313621601,10.00563742015651,1.0726093133481458,nan,1.0,303.0
229.25183426618156,56.3677646197513,11943.603893569601,,,False,,nan,inverse_logistic_from_flux_numeric,13447.628069738197,1418562.313621601,10.00563742015651,1.0726093133481458,nan,1.0,303.0
229.76328814535944,56.01374767065153,104703.3115690225,12.51,0.199,False,,12.492151922945219,inverse_logistic_from_flux_numeric,13447.628069738197,1418562.313621601,10.00563742015651,1.0726093133481458,nan,1.0,303.0
229.42129049548296,56.25417559361439,11805.434811337023,,,False,,nan,inverse_logistic_from_flux_numeric,13447.628069738197,1418562.313621601,10.00563742015651,1.0726093133481458,nan,1.0,303.0
229.53748085443917,56.175055155927076,11865.772316288161,,,False,,nan,inverse_logistic_from_flux_numeric,13447.628069738197,1418562.313621601,10.00563742015651,1.0726093133481458,nan,1.0,303.0
229.3770545842251,56.287365463174226,12234.76913178603,,,False,,nan,inverse_logistic_from_flux_numeric,13447.628069738197,1418562.313621601,10.00563742015651,1.0726093133481458,nan,1.0,303.0
229.4718952653689,56.221958639727646,13966.804506602824,,,False,,17.373666064198126,inverse_logistic_from_flux_numeric,13447.628069738197,1418562.313621601,10.00563742015651,1.0726093133481458,nan,1.0,303.0
228.669624556812,56.76562859517353,19208.19808572145,15.384,1.007,False,,15.126541708260731,inverse_logistic_from_flux_numeric,13447.628069738197,1418562.313621601,10.00563742015651,1.0726093133481458,nan,1.0,303.0
229.16451123393023,56.43367730118554,13280.18381538385,,,False,,nan,inverse_logistic_from_flux_numeric,13447.628069738197,1418562.313621601,10.00563742015651,1.0726093133481458,nan,1.0,303.0
228.9081591125731,56.608560177159525,12153.176040557442,,,False,,nan,inverse_logistic_from_flux_numeric,13447.628069738197,1418562.313621601,10.00563742015651,1.0726093133481458,nan,1.0,303.0
228.70914371032507,56.74229396827525,12218.847606635267,,,False,,nan,inverse_logistic_from_flux_numeric,13447.628069738197,1418562.313621601,10.00563742015651,1.0726093133481458,nan,1.0,303.0
229.0237571195911,56.53068847264735,66079.06526540974,12.983,0.585,False,,13.032260420745555,inverse_logistic_from_flux_numeric,13447.628069738197,1418562.313621601,10.00563742015651,1.0726093133481458,nan,1.0,303.0
228.75620968531516,56.711799460268736,12160.907317369032,,,False,,nan,inverse_logistic_from_flux_numeric,13447.628069738197,1418562.313621601,10.00563742015651,1.0726093133481458,nan,1.0,303.0
229.2935863259779,56.35094017199178,11963.372388515889,,,False,,nan,inverse_logistic_from_flux_numeric,13447.628069738197,1418562.313621601,10.00563742015651,1.0726093133481458,nan,1.0,303.0
229.5093270584164,56.20530348323344,12291.597069536272,,,False,,nan,inverse_logistic_from_flux_numeric,13447.628069738197,1418562.313621601,10.00563742015651,1.0726093133481458,nan,1.0,303.0
229.56131617279456,56.1701069055173,17325.709421019186,15.727,0.264,False,,15.496704677277929,inverse_logistic_from_flux_numeric,13447.628069738197,1418562.313621601,10.00563742015651,1.0726093133481458,nan,1.0,303.0
228.73671264318548,56.73091749127726,16102.565895301217,,,False,,15.85078683480079,inverse_logistic_from_flux_numeric,13447.628069738197,1418562.313621601,10.00563742015651,1.0726093133481458,nan,1.0,303.0
229.76388390200887,56.03179625735963,11952.473671792222,,,False,,nan,inverse_logistic_from_flux_numeric,13447.628069738197,1418562.313621601,10.00563742015651,1.0726093133481458,nan,1.0,303.0
228.55993303437754,56.85077136839643,14136.53999651659,,,False,,17.109832344719486,inverse_logistic_from_flux_numeric,13447.628069738197,1418562.313621601,10.00563742015651,1.0726093133481458,nan,1.0,303.0
228.6545643125005,56.788774403946356,12184.20268784134,,,False,,nan,inverse_logistic_from_flux_numeric,13447.628069738197,1418562.313621601,10.00563742015651,1.0726093133481458,nan,1.0,303.0
229.71369286343918,56.06836864302604,14204.282938802176,,,False,,17.022342864410454,inverse_logistic_from_flux_numeric,13447.628069738197,1418562.313621601,10.00563742015651,1.0726093133481458,nan,1.0,303.0
228.60061257930568,56.82757320880619,12100.59630792895,,,False,,nan,inverse_logistic_from_flux_numeric,13447.628069738197,1418562.313621601,10.00563742015651,1.0726093133481458,nan,1.0,303.0
229.5271248671401,56.20019702093045,13066.436721494232,,,False,,nan,inverse_logistic_from_flux_numeric,13447.628069738197,1418562.313621601,10.00563742015651,1.0726093133481458,nan,1.0,303.0
228.89261092145082,56.634797323614734,12030.552685144812,,,False,,nan,inverse_logistic_from_flux_numeric,13447.628069738197,1418562.313621601,10.00563742015651,1.0726093133481458,nan,1.0,303.0
229.73457924617244,56.059260786045684,11851.75672160017,,,False,,nan,inverse_logistic_from_flux_numeric,13447.628069738197,1418562.313621601,10.00563742015651,1.0726093133481458,nan,1.0,303.0
229.74010203988624,56.05442727202342,16228.030004630653,,,False,,15.807654890051953,inverse_logistic_from_flux_numeric,13447.628069738197,1418562.313621601,10.00563742015651,1.0726093133481458,nan,1.0,303.0
229.15748818680098,56.45660581582666,19133.57695427457,15.317,0.662,False,,15.138747206815914,inverse_logistic_from_flux_numeric,13447.628069738197,1418562.313621601,10.00563742015651,1.0726093133481458,nan,1.0,303.0
229.736740271291,56.05799764929821,12536.386560591392,,,False,,nan,inverse_logistic_from_flux_numeric,13447.628069738197,1418562.313621601,10.00563742015651,1.0726093133481458,nan,1.0,303.0
229.7405106235336,56.05548456107462,12056.735096489847,,,False,,nan,inverse_logistic_from_flux_numeric,13447.628069738197,1418562.313621601,10.00563742015651,1.0726093133481458,nan,1.0,303.0
229.73866616593827,56.05739375610926,11961.23354617767,,,False,,nan,inverse_logistic_from_flux_numeric,13447.628069738197,1418562.313621601,10.00563742015651,1.0726093133481458,nan,1.0,303.0
229.6502539063416,56.119032929321705,12514.018571646873,,,False,,nan,inverse_logistic_from_flux_numeric,13447.628069738197,1418562.313621601,10.00563742015651,1.0726093133481458,nan,1.0,303.0
229.74071723559322,56.05651362725077,11812.64076279003,,,False,,nan,inverse_logistic_from_flux_numeric,13447.628069738197,1418562.313621601,10.00563742015651,1.0726093133481458,nan,1.0,303.0
229.01391438614834,56.55538270058169,76956.483655007,12.765,0.498,False,,12.849583639772344,inverse_logistic_from_flux_numeric,13447.628069738197,1418562.313621601,10.00563742015651,1.0726093133481458,nan,1.0,303.0
229.19420447495582,56.43693920142463,11982.418838705931,,,False,,nan,inverse_logistic_from_flux_numeric,13447.628069738197,1418562.313621601,10.00563742015651,1.0726093133481458,nan,1.0,303.0
228.88346941880732,56.64720635429123,12316.980475900245,,,False,,nan,inverse_logistic_from_flux_numeric,13447.628069738197,1418562.313621601,10.00563742015651,1.0726093133481458,nan,1.0,303.0
228.89066057405603,56.64218367838683,12532.882172613125,,,False,,nan,inverse_logistic_from_flux_numeric,13447.628069738197,1418562.313621601,10.00563742015651,1.0726093133481458,nan,1.0,303.0
228.82858382036127,56.684438397185446,13490.894180318905,,,False,,19.69064471920794,inverse_logistic_from_flux_numeric,13447.628069738197,1418562.313621601,10.00563742015651,1.0726093133481458,nan,1.0,303.0
228.89078972864516,56.64317958020377,11901.366813604436,,,False,,nan,inverse_logistic_from_flux_numeric,13447.628069738197,1418562.313621601,10.00563742015651,1.0726093133481458,nan,1.0,303.0
229.0424371527182,56.541021746593174,11959.032331663208,,,False,,nan,inverse_logistic_from_flux_numeric,13447.628069738197,1418562.313621601,10.00563742015651,1.0726093133481458,nan,1.0,303.0
229.07580868446436,56.51882942463327,11959.83840768804,,,False,,nan,inverse_logistic_from_flux_numeric,13447.628069738197,1418562.313621601,10.00563742015651,1.0726093133481458,nan,1.0,303.0
228.57698528695568,56.85242076134842,83396.13940689366,12.78,0.882,False,,12.75505566814659,inverse_logistic_from_flux_numeric,13447.628069738197,1418562.313621601,10.00563742015651,1.0726093133481458,nan,1.0,303.0
228.89032713736188,56.64461902270627,11979.920059538434,,,False,,nan,inverse_logistic_from_flux_numeric,13447.628069738197,1418562.313621601,10.00563742015651,1.0726093133481458,nan,1.0,303.0
229.3915164713914,56.303556026528994,14214.102184325997,,,False,,17.01031547613021,inverse_logistic_from_flux_numeric,13447.628069738197,1418562.313621601,10.00563742015651,1.0726093133481458,nan,1.0,303.0
228.92776321949782,56.62135217548685,11975.639684433458,,,False,,nan,inverse_logistic_from_flux_numeric,13447.628069738197,1418562.313621601,10.00563742015651,1.0726093133481458,nan,1.0,303.0
228.9334776602971,56.61651105014153,15685.867570341816,,,False,,16.010237895219284,inverse_logistic_from_flux_numeric,13447.628069738197,1418562.313621601,10.00563742015651,1.0726093133481458,nan,1.0,303.0
228.93382117521395,56.617853518390284,12349.304232448305,,,False,,nan,inverse_logistic_from_flux_numeric,13447.628069738197,1418562.313621601,10.00563742015651,1.0726093133481458,nan,1.0,303.0
228.97470383802593,56.590492939556796,12056.943512658769,,,False,,nan,inverse_logistic_from_flux_numeric,13447.628069738197,1418562.313621601,10.00563742015651,1.0726093133481458,nan,1.0,303.0
229.76582471732968,56.04786168698062,88096.49592644318,12.714,0.172,False,,12.691134371438878,inverse_logistic_from_flux_numeric,13447.628069738197,1418562.313621601,10.00563742015651,1.0726093133481458,nan,1.0,303.0
229.77464656168684,56.042696137079425,11906.449769824694,,,False,,nan,inverse_logistic_from_flux_numeric,13447.628069738197,1418562.313621601,10.00563742015651,1.0726093133481458,nan,1.0,303.0
229.8343609441385,56.00083961117874,12260.529867515108,,,False,,nan,inverse_logistic_from_flux_numeric,13447.628069738197,1418562.313621601,10.00563742015651,1.0726093133481458,nan,1.0,303.0
229.61355654538136,56.15653802228086,11921.214731336815,,,False,,nan,inverse_logistic_from_flux_numeric,13447.628069738197,1418562.313621601,10.00563742015651,1.0726093133481458,nan,1.0,303.0
229.63458847884613,56.14130869808794,12477.132067300929,,,False,,nan,inverse_logistic_from_flux_numeric,13447.628069738197,1418562.313621601,10.00563742015651,1.0726093133481458,nan,1.0,303.0
229.64138768305924,56.13656630205325,13074.45021250533,,,False,,nan,inverse_logistic_from_flux_numeric,13447.628069738197,1418562.313621601,10.00563742015651,1.0726093133481458,nan,1.0,303.0
229.63743068022433,56.140280737394114,11966.719486588789,,,False,,nan,inverse_logistic_from_flux_numeric,13447.628069738197,1418562.313621601,10.00563742015651,1.0726093133481458,nan,1.0,303.0
229.6415040641883,56.13787322414004,11756.32287002584,,,False,,nan,inverse_logistic_from_flux_numeric,13447.628069738197,1418562.313621601,10.00563742015651,1.0726093133481458,nan,1.0,303.0
228.57751864240933,56.859531159285126,12323.87510704564,,,False,,nan,inverse_logistic_from_flux_numeric,13447.628069738197,1418562.313621601,10.00563742015651,1.0726093133481458,nan,1.0,303.0
229.63878868989767,56.13970065828408,12620.861054068724,,,False,,nan,inverse_logistic_from_flux_numeric,13447.628069738197,1418562.313621601,10.00563742015651,1.0726093133481458,nan,1.0,303.0
229.82423724126494,56.01029524923614,13907.31846877647,,,False,,17.487158378778894,inverse_logistic_from_flux_numeric,13447.628069738197,1418562.313621601,10.00563742015651,1.0726093133481458,nan,1.0,303.0
229.64162668768216,56.13882100116735,11848.07824149219,,,False,,nan,inverse_logistic_from_flux_numeric,13447.628069738197,1418562.313621601,10.00563742015651,1.0726093133481458,nan,1.0,303.0
228.74327812668793,56.75154433350601,12035.216160320218,,,False,,nan,inverse_logistic_from_flux_numeric,13447.628069738197,1418562.313621601,10.00563742015651,1.0726093133481458,nan,1.0,303.0
229.1262819676806,56.49447142532104,14943.742477043701,16.51,1.008,False,,16.38628080767186,inverse_logistic_from_flux_numeric,13447.628069738197,1418562.313621601,10.00563742015651,1.0726093133481458,nan,1.0,303.0
229.75749883956837,56.060030291239194,12182.892462487287,,,False,,nan,inverse_logistic_from_flux_numeric,13447.628069738197,1418562.313621601,10.00563742015651,1.0726093133481458,nan,1.0,303.0
228.6420864765731,56.82048254071048,12334.779702144115,,,False,,nan,inverse_logistic_from_flux_numeric,13447.628069738197,1418562.313621601,10.00563742015651,1.0726093133481458,nan,1.0,303.0
228.85645738849036,56.677804705972996,12229.126602592829,,,False,,nan,inverse_logistic_from_flux_numeric,13447.628069738197,1418562.313621601,10.00563742015651,1.0726093133481458,nan,1.0,303.0
229.4542230701992,56.27235651541572,12174.93782193427,,,False,,nan,inverse_logistic_from_flux_numeric,13447.628069738197,1418562.313621601,10.00563742015651,1.0726093133481458,nan,1.0,303.0
228.9258060089989,56.63235923360028,12290.992197139143,,,False,,nan,inverse_logistic_from_flux_numeric,13447.628069738197,1418562.313621601,10.00563742015651,1.0726093133481458,nan,1.0,303.0
228.8082918858437,56.71104875911365,30499.197385682313,14.093,0.646,False,,14.107244889522764,inverse_logistic_from_flux_numeric,13447.628069738197,1418562.313621601,10.00563742015651,1.0726093133481458,nan,1.0,303.0
228.67083273631454,56.803813333453505,16108.60834419887,16.007,0.98,False,,15.84866336726051,inverse_logistic_from_flux_numeric,13447.628069738197,1418562.313621601,10.00563742015651,1.0726093133481458,nan,1.0,303.0
229.46026171391156,56.2713172552992,11931.817323312644,,,False,,nan,inverse_logistic_from_flux_numeric,13447.628069738197,1418562.313621601,10.00563742015651,1.0726093133481458,nan,1.0,303.0
228.66258146306654,56.81144762926317,14580.000694703098,,,False,,16.646222019436152,inverse_logistic_from_flux_numeric,13447.628069738197,1418562.313621601,10.00563742015651,1.0726093133481458,nan,1.0,303.0
228.71526329144743,56.777191384014934,274547.8313722203,11.291,0.689,False,,11.383021112839234,inverse_logistic_from_flux_numeric,13447.628069738197,1418562.313621601,10.00563742015651,1.0726093133481458,nan,1.0,303.0
229.65631820536652,56.1413237733645,12569.353465136111,,,False,,nan,inverse_logistic_from_flux_numeric,13447.628069738197,1418562.313621601,10.00563742015651,1.0726093133481458,nan,1.0,303.0
229.4637929362102,56.27534283229389,11862.718071563198,,,False,,nan,inverse_logistic_from_flux_numeric,13447.628069738197,1418562.313621601,10.00563742015651,1.0726093133481458,nan,1.0,303.0
229.22276681613067,56.44007236730979,17277.642635172586,15.767,0.644,False,,15.508364309953848,inverse_logistic_from_flux_numeric,13447.628069738197,1418562.313621601,10.00563742015651,1.0726093133481458,nan,1.0,303.0
229.4838456115063,56.26229542442631,11882.86210098698,,,False,,nan,inverse_logistic_from_flux_numeric,13447.628069738197,1418562.313621601,10.00563742015651,1.0726093133481458,nan,1.0,303.0
228.81483945037385,56.717268130957024,17419.397256367007,15.444,0.824,False,,15.474387172754522,inverse_logistic_from_flux_numeric,13447.628069738197,1418562.313621601,10.00563742015651,1.0726093133481458,nan,1.0,303.0
228.8042544060549,56.72662844348351,12038.166639894816,,,False,,nan,inverse_logistic_from_flux_numeric,13447.628069738197,1418562.313621601,10.00563742015651,1.0726093133481458,nan,1.0,303.0
228.8102136586384,56.72170205263655,15036.86823584756,,,False,,16.32992196823117,inverse_logistic_from_flux_numeric,13447.628069738197,1418562.313621601,10.00563742015651,1.0726093133481458,nan,1.0,303.0
228.86476929281267,56.685336528709755,14711.54642209498,,,False,,16.54367275279204,inverse_logistic_from_flux_numeric,13447.628069738197,1418562.313621601,10.00563742015651,1.0726093133481458,nan,1.0,303.0
229.09961971747893,56.52797574032389,12107.877380799497,,,False,,nan,inverse_logistic_from_flux_numeric,13447.628069738197,1418562.313621601,10.00563742015651,1.0726093133481458,nan,1.0,303.0
229.60047004294722,56.18369014935632,15809.517844364347,,,False,,15.960023362596989,inverse_logistic_from_flux_numeric,13447.628069738197,1418562.313621601,10.00563742015651,1.0726093133481458,nan,1.0,303.0
228.81296980757836,56.72094154311284,12601.511616195274,,,False,,nan,inverse_logistic_from_flux_numeric,13447.628069738197,1418562.313621601,10.00563742015651,1.0726093133481458,nan,1.0,303.0
229.59712885966488,56.18726552160537,12123.904397987199,,,False,,nan,inverse_logistic_from_flux_numeric,13447.628069738197,1418562.313621601,10.00563742015651,1.0726093133481458,nan,1.0,303.0
229.8232363351326,56.02852952627957,18519.811117117566,,,False,,15.24565025415221,inverse_logistic_from_flux_numeric,13447.628069738197,1418562.313621601,10.00563742015651,1.0726093133481458,nan,1.0,303.0
228.809643664411,56.723997053329796,12448.70334641683,,,False,,nan,inverse_logistic_from_flux_numeric,13447.628069738197,1418562.313621601,10.00563742015651,1.0726093133481458,nan,1.0,303.0
228.81073767150608,56.72302925797713,12050.129517728234,,,False,,nan,inverse_logistic_from_flux_numeric,13447.628069738197,1418562.313621601,10.00563742015651,1.0726093133481458,nan,1.0,303.0
229.601114122483,56.184834009816825,11937.84114614577,,,False,,nan,inverse_logistic_from_flux_numeric,13447.628069738197,1418562.313621601,10.00563742015651,1.0726093133481458,nan,1.0,303.0
229.78211335129612,56.05811222946933,12719.041106557313,,,False,,nan,inverse_logistic_from_flux_numeric,13447.628069738197,1418562.313621601,10.00563742015651,1.0726093133481458,nan,1.0,303.0
228.80685911163397,56.72551572789812,12313.79772677003,,,False,,nan,inverse_logistic_from_flux_numeric,13447.628069738197,1418562.313621601,10.00563742015651,1.0726093133481458,nan,1.0,303.0
229.5991359403491,56.18670129903638,11774.846505318337,,,False,,nan,inverse_logistic_from_flux_numeric,13447.628069738197,1418562.313621601,10.00563742015651,1.0726093133481458,nan,1.0,303.0
229.2412383324502,56.43330409563617,12472.534697146737,,,False,,nan,inverse_logistic_from_flux_numeric,13447.628069738197,1418562.313621601,10.00563742015651,1.0726093133481458,nan,1.0,303.0
229.60098744786794,56.18578123551104,12369.761730348031,,,False,,nan,inverse_logistic_from_flux_numeric,13447.628069738197,1418562.313621601,10.00563742015651,1.0726093133481458,nan,1.0,303.0
229.07625017422515,56.54591588114986,12227.06548489686,,,False,,nan,inverse_logistic_from_flux_numeric,13447.628069738197,1418562.313621601,10.00563742015651,1.0726093133481458,nan,1.0,303.0
229.79957411569274,56.04816934195839,15670.113488676796,,,False,,16.01683370003888,inverse_logistic_from_flux_numeric,13447.628069738197,1418562.313621601,10.00563742015651,1.0726093133481458,nan,1.0,303.0
228.67563360316592,56.81521784729625,13285.829168940265,,,False,,nan,inverse_logistic_from_flux_numeric,13447.628069738197,1418562.313621601,10.00563742015651,1.0726093133481458,nan,1.0,303.0
229.71992919880248,56.10461060972559,12495.487490833362,,,False,,nan,inverse_logistic_from_flux_numeric,13447.628069738197,1418562.313621601,10.00563742015651,1.0726093133481458,nan,1.0,303.0
229.02273593341602,56.5840921986867,11948.792478758061,,,False,,nan,inverse_logistic_from_flux_numeric,13447.628069738197,1418562.313621601,10.00563742015651,1.0726093133481458,nan,1.0,303.0
228.90487549980486,56.66333137834763,15752.453790220656,15.925,0.719,False,,15.98286268091163,inverse_logistic_from_flux_numeric,13447.628069738197,1418562.313621601,10.00563742015651,1.0726093133481458,nan,1.0,303.0
228.96118621753675,56.62630165696452,12110.452608025038,,,False,,nan,inverse_logistic_from_flux_numeric,13447.628069738197,1418562.313621601,10.00563742015651,1.0726093133481458,nan,1.0,303.0
229.47686197533218,56.27507845649843,11909.964592695778,,,False,,nan,inverse_logistic_from_flux_numeric,13447.628069738197,1418562.313621601,10.00563742015651,1.0726093133481458,nan,1.0,303.0
229.85338693652434,56.01301491072512,12612.221567166498,,,False,,nan,inverse_logistic_from_flux_numeric,13447.628069738197,1418562.313621601,10.00563742015651,1.0726093133481458,nan,1.0,303.0
229.02993073048097,56.57973867972489,44495.757276447504,13.56,0.601,False,,13.539068753182736,inverse_logistic_from_flux_numeric,13447.628069738197,1418562.313621601,10.00563742015651,1.0726093133481458,nan,1.0,303.0
229.1997609905806,56.46656464695891,12306.373577284949,,,False,,nan,inverse_logistic_from_flux_numeric,13447.628069738197,1418562.313621601,10.00563742015651,1.0726093133481458,nan,1.0,303.0
229.47162712180213,56.28079303650867,12343.912962276307,,,False,,nan,inverse_logistic_from_flux_numeric,13447.628069738197,1418562.313621601,10.00563742015651,1.0726093133481458,nan,1.0,303.0
229.41416582922275,56.320708952492105,54802.115940018906,,,True,ASASSN-V J151739.43+561915.0,13.26481112111972,inverse_logistic_from_flux_numeric,13447.628069738197,1418562.313621601,10.00563742015651,1.0726093133481458,nan,1.0,303.0
229.4934315326963,56.26644668661392,15917.408870198233,16.029,0.395,False,,15.918308017067844,inverse_logistic_from_flux_numeric,13447.628069738197,1418562.313621601,10.00563742015651,1.0726093133481458,nan,1.0,303.0
228.77103098723802,56.75770874487102,12344.822824541514,,,False,,nan,inverse_logistic_from_flux_numeric,13447.628069738197,1418562.313621601,10.00563742015651,1.0726093133481458,nan,1.0,303.0
229.70713672398568,56.1214997270382,12420.408190563521,,,False,,nan,inverse_logistic_from_flux_numeric,13447.628069738197,1418562.313621601,10.00563742015651,1.0726093133481458,nan,1.0,303.0
229.19680117577752,56.47522548705083,11978.85977906621,,,False,,nan,inverse_logistic_from_flux_numeric,13447.628069738197,1418562.313621601,10.00563742015651,1.0726093133481458,nan,1.0,303.0
229.83427477445636,56.036053561097575,11974.55706516094,,,False,,nan,inverse_logistic_from_flux_numeric,13447.628069738197,1418562.313621601,10.00563742015651,1.0726093133481458,nan,1.0,303.0
229.86516171209965,56.01451824247587,12817.355382467415,,,False,,nan,inverse_logistic_from_flux_numeric,13447.628069738197,1418562.313621601,10.00563742015651,1.0726093133481458,nan,1.0,303.0
229.2238393585746,56.4595932766122,12751.372867826654,,,False,,nan,inverse_logistic_from_flux_numeric,13447.628069738197,1418562.313621601,10.00563742015651,1.0726093133481458,nan,1.0,303.0
228.92616599387597,56.66265851580423,12001.729012145492,,,False,,nan,inverse_logistic_from_flux_numeric,13447.628069738197,1418562.313621601,10.00563742015651,1.0726093133481458,nan,1.0,303.0
229.44972562354613,56.30560600866639,43132.206374763904,13.645,0.26,False,,13.581864156917561,inverse_logistic_from_flux_numeric,13447.628069738197,1418562.313621601,10.00563742015651,1.0726093133481458,nan,1.0,303.0
229.48709931442275,56.28058555379209,12187.564706721865,,,False,,nan,inverse_logistic_from_flux_numeric,13447.628069738197,1418562.313621601,10.00563742015651,1.0726093133481458,nan,1.0,303.0
229.6478712414251,56.16923340776904,12641.635812872366,,,False,,nan,inverse_logistic_from_flux_numeric,13447.628069738197,1418562.313621601,10.00563742015651,1.0726093133481458,nan,1.0,303.0
229.1090901713294,56.53881586917167,56949.195656320706,13.283,0.694,False,,13.216152539900573,inverse_logistic_from_flux_numeric,13447.628069738197,1418562.313621601,10.00563742015651,1.0726093133481458,nan,1.0,303.0
229.48638216357557,56.281826768424736,12249.65810060055,,,False,,nan,inverse_logistic_from_flux_numeric,13447.628069738197,1418562.313621601,10.00563742015651,1.0726093133481458,nan,1.0,303.0
229.3170089690606,56.39841310236034,14331.414166229972,16.771,0.391,False,,16.87746405410259,inverse_logistic_from_flux_numeric,13447.628069738197,1418562.313621601,10.00563742015651,1.0726093133481458,nan,1.0,303.0
229.48438036439543,56.283779474764515,12319.933284890114,,,False,,nan,inverse_logistic_from_flux_numeric,13447.628069738197,1418562.313621601,10.00563742015651,1.0726093133481458,nan,1.0,303.0
229.56901791767672,56.225819751822286,16968.014719206047,15.726,0.313,False,,15.587161606950776,inverse_logistic_from_flux_numeric,13447.628069738197,1418562.313621601,10.00563742015651,1.0726093133481458,nan,1.0,303.0
228.7910556696889,56.75662007679552,48867.549478161105,13.547,0.99,False,,13.413279639101301,inverse_logistic_from_flux_numeric,13447.628069738197,1418562.313621601,10.00563742015651,1.0726093133481458,nan,1.0,303.0
229.601940686892,56.207205210517195,11951.050951644313,,,False,,nan,inverse_logistic_from_flux_numeric,13447.628069738197,1418562.313621601,10.00563742015651,1.0726093133481458,nan,1.0,303.0
229.50736372624115,56.27340431238669,11836.194250846434,,,False,,nan,inverse_logistic_from_flux_numeric,13447.628069738197,1418562.313621601,10.00563742015651,1.0726093133481458,nan,1.0,303.0
229.82454507443163,56.05321915126879,12920.821459139243,,,False,,nan,inverse_logistic_from_flux_numeric,13447.628069738197,1418562.313621601,10.00563742015651,1.0726093133481458,nan,1.0,303.0
229.47044947162374,56.30035619135268,18073.288604344212,,,False,,15.33186152434764,inverse_logistic_from_flux_numeric,13447.628069738197,1418562.313621601,10.00563742015651,1.0726093133481458,nan,1.0,303.0
229.18465582409092,56.49702730353384,13732.42628158236,,,False,,17.933636711313277,inverse_logistic_from_flux_numeric,13447.628069738197,1418562.313621601,10.00563742015651,1.0726093133481458,nan,1.0,303.0
229.41902369888425,56.337100288249935,12324.994511765406,,,False,,nan,inverse_logistic_from_flux_numeric,13447.628069738197,1418562.313621601,10.00563742015651,1.0726093133481458,nan,1.0,303.0
229.61454942079126,56.20459722598335,12533.995892839119,,,False,,nan,inverse_logistic_from_flux_numeric,13447.628069738197,1418562.313621601,10.00563742015651,1.0726093133481458,nan,1.0,303.0
229.80073732999188,56.07451638603993,13786.978180420492,,,False,,17.77021254682319,inverse_logistic_from_flux_numeric,13447.628069738197,1418562.313621601,10.00563742015651,1.0726093133481458,nan,1.0,303.0
228.69467617624954,56.829569151563994,11976.847704658067,,,False,,nan,inverse_logistic_from_flux_numeric,13447.628069738197,1418562.313621601,10.00563742015651,1.0726093133481458,nan,1.0,303.0
229.37280514999654,56.3713891782834,16560.388806256073,16.233,0.89,False,,15.702163019376375,inverse_logistic_from_flux_numeric,13447.628069738197,1418562.313621601,10.00563742015651,1.0726093133481458,nan,1.0,303.0
229.6499238410138,56.18196599431506,11752.821172209402,,,False,,nan,inverse_logistic_from_flux_numeric,13447.628069738197,1418562.313621601,10.00563742015651,1.0726093133481458,nan,1.0,303.0
228.8635341486508,56.71890956648041,11985.98461802264,,,False,,nan,inverse_logistic_from_flux_numeric,13447.628069738197,1418562.313621601,10.00563742015651,1.0726093133481458,nan,1.0,303.0
229.31428852103014,56.413585879290274,14538.136128850307,,,False,,16.68137109022838,inverse_logistic_from_flux_numeric,13447.628069738197,1418562.313621601,10.00563742015651,1.0726093133481458,nan,1.0,303.0
229.26868546402662,56.44584284215148,14142.329376689358,,,True,Gaia DR3 1600929925505952256,17.102026458714853,inverse_logistic_from_flux_numeric,13447.628069738197,1418562.313621601,10.00563742015651,1.0726093133481458,nan,1.0,303.0
229.15462417620526,56.52412873685444,14533.85607986893,,,False,,16.68504026569657,inverse_logistic_from_flux_numeric,13447.628069738197,1418562.313621601,10.00563742015651,1.0726093133481458,nan,1.0,303.0
229.1869731222368,56.5019152393024,15077.160436667993,,,False,,16.306553001454624,inverse_logistic_from_flux_numeric,13447.628069738197,1418562.313621601,10.00563742015651,1.0726093133481458,nan,1.0,303.0
229.13535511453276,56.5376605039424,13230.621904996819,,,False,,nan,inverse_logistic_from_flux_numeric,13447.628069738197,1418562.313621601,10.00563742015651,1.0726093133481458,nan,1.0,303.0
229.78639721390246,56.089445293932215,12457.349538652354,,,False,,nan,inverse_logistic_from_flux_numeric,13447.628069738197,1418562.313621601,10.00563742015651,1.0726093133481458,nan,1.0,303.0
228.632440125309,56.87641105565457,11989.942315280226,,,False,,nan,inverse_logistic_from_flux_numeric,13447.628069738197,1418562.313621601,10.00563742015651,1.0726093133481458,nan,1.0,303.0
229.31054705922887,56.420728278858725,11936.583101655566,,,False,,nan,inverse_logistic_from_flux_numeric,13447.628069738197,1418562.313621601,10.00563742015651,1.0726093133481458,nan,1.0,303.0
229.62328694810813,56.205734844671234,11855.326425157495,,,False,,nan,inverse_logistic_from_flux_numeric,13447.628069738197,1418562.313621601,10.00563742015651,1.0726093133481458,nan,1.0,303.0
229.25388889477986,56.46012982050378,17210.0186329984,15.67,0.79,False,,15.525017456523035,inverse_logistic_from_flux_numeric,13447.628069738197,1418562.313621601,10.00563742015651,1.0726093133481458,nan,1.0,303.0
229.14049764557896,56.53741900975686,18918.2481858756,15.328,0.705,False,,15.17488329425412,inverse_logistic_from_flux_numeric,13447.628069738197,1418562.313621601,10.00563742015651,1.0726093133481458,nan,1.0,303.0
229.03497372243922,56.610486890237624,11950.782044674177,,,False,,nan,inverse_logistic_from_flux_numeric,13447.628069738197,1418562.313621601,10.00563742015651,1.0726093133481458,nan,1.0,303.0
228.85637392302894,56.733071460710775,12029.94309158503,,,False,,nan,inverse_logistic_from_flux_numeric,13447.628069738197,1418562.313621601,10.00563742015651,1.0726093133481458,nan,1.0,303.0
229.7440324239818,56.126131514859914,19379.453262021263,15.358,0.416,False,,15.09911521379139,inverse_logistic_from_flux_numeric,13447.628069738197,1418562.313621601,10.00563742015651,1.0726093133481458,nan,1.0,303.0
228.89194168059026,56.7099996179884,26628.443056419368,14.398,0.544,False,,14.34989111321401,inverse_logistic_from_flux_numeric,13447.628069738197,1418562.313621601,10.00563742015651,1.0726093133481458,nan,1.0,303.0
229.86797054745037,56.04184140943203,15850.964400243962,,,False,,15.943777553469388,inverse_logistic_from_flux_numeric,13447.628069738197,1418562.313621601,10.00563742015651,1.0726093133481458,nan,1.0,303.0
229.11813130656697,56.55891336098308,16782.815511387606,15.698,0.644,False,,15.637668413360089,inverse_logistic_from_flux_numeric,13447.628069738197,1418562.313621601,10.00563742015651,1.0726093133481458,nan,1.0,303.0
228.96412514774838,56.66480577076833,12765.178843027737,,,False,,nan,inverse_logistic_from_flux_numeric,13447.628069738197,1418562.313621601,10.00563742015651,1.0726093133481458,nan,1.0,303.0
228.87876532527727,56.72169951031129,15086.870076735599,,,False,,16.30100785083986,inverse_logistic_from_flux_numeric,13447.628069738197,1418562.313621601,10.00563742015651,1.0726093133481458,nan,1.0,303.0
228.9562939032891,56.67172794818352,12029.857691669245,,,False,,nan,inverse_logistic_from_flux_numeric,13447.628069738197,1418562.313621601,10.00563742015651,1.0726093133481458,nan,1.0,303.0
229.02742005735678,56.62514516147231,12961.344698983465,,,False,,nan,inverse_logistic_from_flux_numeric,13447.628069738197,1418562.313621601,10.00563742015651,1.0726093133481458,nan,1.0,303.0
229.27499968909598,56.457013020329654,14688.81207411172,,,False,,16.560610072486874,inverse_logistic_from_flux_numeric,13447.628069738197,1418562.313621601,10.00563742015651,1.0726093133481458,nan,1.0,303.0
229.7655424371813,56.11967491922257,11833.83168301,,,False,,nan,inverse_logistic_from_flux_numeric,13447.628069738197,1418562.313621601,10.00563742015651,1.0726093133481458,nan,1.0,303.0
229.74341646603918,56.13694636190816,12020.775135981734,,,False,,nan,inverse_logistic_from_flux_numeric,13447.628069738197,1418562.313621601,10.00563742015651,1.0726093133481458,nan,1.0,303.0
228.71412832919881,56.837518096924775,215041.13935580067,,,True,NSV 7006,11.671438265945142,inverse_logistic_from_flux_numeric,13447.628069738197,1418562.313621601,10.00563742015651,1.0726093133481458,nan,1.0,303.0
228.79600203084317,56.783887302481965,13051.826454664659,,,False,,nan,inverse_logistic_from_flux_numeric,13447.628069738197,1418562.313621601,10.00563742015651,1.0726093133481458,nan,1.0,303.0
229.18335209573598,56.52371365459805,45780.59790695514,,,False,,13.50039260771634,inverse_logistic_from_flux_numeric,13447.628069738197,1418562.313621601,10.00563742015651,1.0726093133481458,nan,1.0,303.0
229.16581299951716,56.53583342138229,322277.36453166994,11.283,0.91,False,,11.186768608977076,inverse_logistic_from_flux_numeric,13447.628069738197,1418562.313621601,10.00563742015651,1.0726093133481458,nan,1.0,303.0
228.84533940573323,56.75259735576213,17530.444604074186,15.492,0.743,False,,15.44860453172969,inverse_logistic_from_flux_numeric,13447.628069738197,1418562.313621601,10.00563742015651,1.0726093133481458,nan,1.0,303.0
229.8662001495198,56.05384538002384,15552.326168463207,,,False,,16.067679845096933,inverse_logistic_from_flux_numeric,13447.628069738197,1418562.313621601,10.00563742015651,1.0726093133481458,nan,1.0,303.0
229.00781043038148,56.6452141978175,12786.274238911094,,,False,,nan,inverse_logistic_from_flux_numeric,13447.628069738197,1418562.313621601,10.00563742015651,1.0726093133481458,nan,1.0,303.0
229.8904630954296,56.038308846172654,12693.354098670745,,,False,,nan,inverse_logistic_from_flux_numeric,13447.628069738197,1418562.313621601,10.00563742015651,1.0726093133481458,nan,1.0,303.0
228.6743712796824,56.87021642577016,358174.24318081303,,,True,ASASSN-V J151441.97+565211.0,11.053212270924416,inverse_logistic_from_flux_numeric,13447.628069738197,1418562.313621601,10.00563742015651,1.0726093133481458,nan,1.0,303.0
228.8991913733686,56.72078971422429,12778.73028529047,,,False,,nan,inverse_logistic_from_flux_numeric,13447.628069738197,1418562.313621601,10.00563742015651,1.0726093133481458,nan,1.0,303.0
229.19564847831268,56.52191841011073,15509.452822875252,16.09,0.473,False,,16.086895788877044,inverse_logistic_from_flux_numeric,13447.628069738197,1418562.313621601,10.00563742015651,1.0726093133481458,nan,1.0,303.0
228.8792913300954,56.7360534671415,17575.81375739753,,,False,,15.438271491164997,inverse_logistic_from_flux_numeric,13447.628069738197,1418562.313621601,10.00563742015651,1.0726093133481458,nan,1.0,303.0
229.01320332839074,56.647987262344294,15707.455603188668,,,False,,16.001274457629293,inverse_logistic_from_flux_numeric,13447.628069738197,1418562.313621601,10.00563742015651,1.0726093133481458,nan,1.0,303.0
229.28505379296118,56.465374089465534,11931.179438629682,,,False,,nan,inverse_logistic_from_flux_numeric,13447.628069738197,1418562.313621601,10.00563742015651,1.0726093133481458,nan,1.0,303.0
229.29869782436506,56.45661153687368,16177.445323268174,15.869,0.469,False,,15.824806430862363,inverse_logistic_from_flux_numeric,13447.628069738197,1418562.313621601,10.00563742015651,1.0726093133481458,nan,1.0,303.0
229.45006686661233,56.35323474683481,12503.436096068806,,,False,,nan,inverse_logistic_from_flux_numeric,13447.628069738197,1418562.313621601,10.00563742015651,1.0726093133481458,nan,1.0,303.0
228.74999120316858,56.827041294186394,13468.438584856456,16.953,0.393,False,,20.37302481984237,inverse_logistic_from_flux_numeric,13447.628069738197,1418562.313621601,10.00563742015651,1.0726093133481458,nan,1.0,303.0
229.91130594563688,56.035919799865326,11897.159066356466,,,False,,nan,inverse_logistic_from_flux_numeric,13447.628069738197,1418562.313621601,10.00563742015651,1.0726093133481458,nan,1.0,303.0
229.40913791935006,56.384105551306035,14799.767570911697,,,False,,16.48071012693631,inverse_logistic_from_flux_numeric,13447.628069738197,1418562.313621601,10.00563742015651,1.0726093133481458,nan,1.0,303.0
229.7429374260997,56.15504913286624,12198.132982538364,,,False,,nan,inverse_logistic_from_flux_numeric,13447.628069738197,1418562.313621601,10.00563742015651,1.0726093133481458,nan,1.0,303.0
229.91268290027858,56.035615583857016,12814.239416832244,,,False,,nan,inverse_logistic_from_flux_numeric,13447.628069738197,1418562.313621601,10.00563742015651,1.0726093133481458,nan,1.0,303.0
229.13239818360216,56.57555741525685,11940.010588871937,,,False,,nan,inverse_logistic_from_flux_numeric,13447.628069738197,1418562.313621601,10.00563742015651,1.0726093133481458,nan,1.0,303.0
229.1494769536913,56.56384175513239,12775.900258204316,,,False,,nan,inverse_logistic_from_flux_numeric,13447.628069738197,1418562.313621601,10.00563742015651,1.0726093133481458,nan,1.0,303.0
228.66001387822857,56.891199235442585,70189.00034331497,,,False,,12.95932292144499,inverse_logistic_from_flux_numeric,13447.628069738197,1418562.313621601,10.00563742015651,1.0726093133481458,nan,1.0,303.0
229.4873995110379,56.333309761710765,13240.270774617551,,,False,,nan,inverse_logistic_from_flux_numeric,13447.628069738197,1418562.313621601,10.00563742015651,1.0726093133481458,nan,1.0,303.0
229.77657059889594,56.13250025882356,12126.698411538504,,,False,,nan,inverse_logistic_from_flux_numeric,13447.628069738197,1418562.313621601,10.00563742015651,1.0726093133481458,nan,1.0,303.0
228.83498257945922,56.77541384153853,31487.447755058285,14.272,0.925,False,,14.054055443697465,inverse_logistic_from_flux_numeric,13447.628069738197,1418562.313621601,10.00563742015651,1.0726093133481458,nan,1.0,303.0
229.4293705397898,56.374942056639554,11820.222921879567,,,False,,nan,inverse_logistic_from_flux_numeric,13447.628069738197,1418562.313621601,10.00563742015651,1.0726093133481458,nan,1.0,303.0
229.81700326380195,56.10662190361822,11908.429999944903,,,False,,nan,inverse_logistic_from_flux_numeric,13447.628069738197,1418562.313621601,10.00563742015651,1.0726093133481458,nan,1.0,303.0
229.75492565633104,56.151760537409025,12665.255200526848,,,False,,nan,inverse_logistic_from_flux_numeric,13447.628069738197,1418562.313621601,10.00563742015651,1.0726093133481458,nan,1.0,303.0
229.847747731107,56.086640233787634,14626.226990453137,,,False,,16.608888571698365,inverse_logistic_from_flux_numeric,13447.628069738197,1418562.313621601,10.00563742015651,1.0726093133481458,nan,1.0,303.0
229.3140081562038,56.45810413872055,11937.550206763975,,,False,,nan,inverse_logistic_from_flux_numeric,13447.628069738197,1418562.313621601,10.00563742015651,1.0726093133481458,nan,1.0,303.0
229.340948404999,56.44044065397535,11934.10624633091,,,False,,nan,inverse_logistic_from_flux_numeric,13447.628069738197,1418562.313621601,10.00563742015651,1.0726093133481458,nan,1.0,303.0
229.82686555518225,56.10430733156317,11876.396526003677,,,False,,nan,inverse_logistic_from_flux_numeric,13447.628069738197,1418562.313621601,10.00563742015651,1.0726093133481458,nan,1.0,303.0
229.5737684430867,56.28103289065509,12229.259447530281,,,False,,nan,inverse_logistic_from_flux_numeric,13447.628069738197,1418562.313621601,10.00563742015651,1.0726093133481458,nan,1.0,303.0
229.9210309907613,56.03900237482349,12025.948759105107,,,False,,nan,inverse_logistic_from_flux_numeric,13447.628069738197,1418562.313621601,10.00563742015651,1.0726093133481458,nan,1.0,303.0
228.8505074705876,56.773165845668125,18044.788500290277,15.937,1.441,False,,15.337642486439151,inverse_logistic_from_flux_numeric,13447.628069738197,1418562.313621601,10.00563742015651,1.0726093133481458,nan,1.0,303.0
229.13223129543175,56.58553754833423,15461.765807796342,16.56,1.431,False,,16.108743630508144,inverse_logistic_from_flux_numeric,13447.628069738197,1418562.313621601,10.00563742015651,1.0726093133481458,nan,1.0,303.0
229.21830297137225,56.528734904331436,14102.344423762133,,,False,,17.157319988347858,inverse_logistic_from_flux_numeric,13447.628069738197,1418562.313621601,10.00563742015651,1.0726093133481458,nan,1.0,303.0
229.75316204276456,56.16082811673119,12313.310495694637,,,False,,nan,inverse_logistic_from_flux_numeric,13447.628069738197,1418562.313621601,10.00563742015651,1.0726093133481458,nan,1.0,303.0
229.16683395598795,56.56417765958934,13642.78024162197,,,False,,18.28610902719562,inverse_logistic_from_flux_numeric,13447.628069738197,1418562.313621601,10.00563742015651,1.0726093133481458,nan,1.0,303.0
229.18688993595788,56.55145721445131,11986.912388139877,,,False,,nan,inverse_logistic_from_flux_numeric,13447.628069738197,1418562.313621601,10.00563742015651,1.0726093133481458,nan,1.0,303.0
229.63567071508555,56.24359700116552,11835.54858571366,,,False,,nan,inverse_logistic_from_flux_numeric,13447.628069738197,1418562.313621601,10.00563742015651,1.0726093133481458,nan,1.0,303.0
229.06720132659044,56.63356340595047,11989.926187686697,,,False,,nan,inverse_logistic_from_flux_numeric,13447.628069738197,1418562.313621601,10.00563742015651,1.0726093133481458,nan,1.0,303.0
229.0945575592083,56.61473403783826,13720.273648808967,,,False,,17.974300953490093,inverse_logistic_from_flux_numeric,13447.628069738197,1418562.313621601,10.00563742015651,1.0726093133481458,nan,1.0,303.0
229.90399570563375,56.057914545370394,17850.4050728782,,,False,,15.378050601576962,inverse_logistic_from_flux_numeric,13447.628069738197,1418562.313621601,10.00563742015651,1.0726093133481458,nan,1.0,303.0
229.338185484854,56.4510633420534,14206.884292694145,,,False,,17.019141398375304,inverse_logistic_from_flux_numeric,13447.628069738197,1418562.313621601,10.00563742015651,1.0726093133481458,nan,1.0,303.0
228.68331196893922,56.89285495869747,290918.6122343066,11.464,1.258,False,,11.312888001516459,inverse_logistic_from_flux_numeric,13447.628069738197,1418562.313621601,10.00563742015651,1.0726093133481458,nan,1.0,303.0
228.92208757950772,56.734569111325385,12622.058944493128,,,False,,nan,inverse_logistic_from_flux_numeric,13447.628069738197,1418562.313621601,10.00563742015651,1.0726093133481458,nan,1.0,303.0
229.4261440234701,56.39308831151136,11894.642509958945,,,False,,nan,inverse_logistic_from_flux_numeric,13447.628069738197,1418562.313621601,10.00563742015651,1.0726093133481458,nan,1.0,303.0
228.91794581569687,56.73835611650504,12259.311866147422,,,False,,nan,inverse_logistic_from_flux_numeric,13447.628069738197,1418562.313621601,10.00563742015651,1.0726093133481458,nan,1.0,303.0
228.92140061699206,56.735803691562595,12349.564290833569,,,False,,nan,inverse_logistic_from_flux_numeric,13447.628069738197,1418562.313621601,10.00563742015651,1.0726093133481458,nan,1.0,303.0
229.425290255721,56.39422103346987,12072.404174603973,,,False,,nan,inverse_logistic_from_flux_numeric,13447.628069738197,1418562.313621601,10.00563742015651,1.0726093133481458,nan,1.0,303.0
229.8015660337351,56.13342582131334,13964.495132935304,,,False,,17.377823882537363,inverse_logistic_from_flux_numeric,13447.628069738197,1418562.313621601,10.00563742015651,1.0726093133481458,nan,1.0,303.0
228.9194966251211,56.73789084094789,12397.838907646568,,,False,,nan,inverse_logistic_from_flux_numeric,13447.628069738197,1418562.313621601,10.00563742015651,1.0726093133481458,nan,1.0,303.0
229.42303991360376,56.396299311291294,12511.155707383707,,,False,,nan,inverse_logistic_from_flux_numeric,13447.628069738197,1418562.313621601,10.00563742015651,1.0726093133481458,nan,1.0,303.0
229.42523732294922,56.39547619799277,12192.418575379641,,,False,,nan,inverse_logistic_from_flux_numeric,13447.628069738197,1418562.313621601,10.00563742015651,1.0726093133481458,nan,1.0,303.0
229.93151739985652,56.043936010578726,12417.667108713518,,,False,,nan,inverse_logistic_from_flux_numeric,13447.628069738197,1418562.313621601,10.00563742015651,1.0726093133481458,nan,1.0,303.0
229.30090954971567,56.481042242868476,11959.179024801877,,,False,,nan,inverse_logistic_from_flux_numeric,13447.628069738197,1418562.313621601,10.00563742015651,1.0726093133481458,nan,1.0,303.0
229.12417805287302,56.60140767213177,53894.82679031179,13.34,0.625,False,,13.286113029074759,inverse_logistic_from_flux_numeric,13447.628069738197,1418562.313621601,10.00563742015651,1.0726093133481458,nan,1.0,303.0
229.40750957992066,56.413413126841405,12256.002791806859,,,False,,nan,inverse_logistic_from_flux_numeric,13447.628069738197,1418562.313621601,10.00563742015651,1.0726093133481458,nan,1.0,303.0
229.7000578679159,56.21164151753086,14710.794809605248,16.308,0.386,False,,16.544227829853227,inverse_logistic_from_flux_numeric,13447.628069738197,1418562.313621601,10.00563742015651,1.0726093133481458,nan,1.0,303.0
229.16060739924325,56.58450095253508,19173.66417489247,15.271,0.674,False,,15.132170595566382,inverse_logistic_from_flux_numeric,13447.628069738197,1418562.313621601,10.00563742015651,1.0726093133481458,nan,1.0,303.0
229.6082091641311,56.279540466178936,12470.666179295666,,,False,,nan,inverse_logistic_from_flux_numeric,13447.628069738197,1418562.313621601,10.00563742015651,1.0726093133481458,nan,1.0,303.0
229.07072414238928,56.64719802206757,14527.338844496147,,,False,,16.690655163086625,inverse_logistic_from_flux_numeric,13447.628069738197,1418562.313621601,10.00563742015651,1.0726093133481458,nan,1.0,303.0
229.11447452737488,56.617148443096575,17189.98863228699,15.697,0.786,False,,15.530007398212007,inverse_logistic_from_flux_numeric,13447.628069738197,1418562.313621601,10.00563742015651,1.0726093133481458,nan,1.0,303.0
228.8747279115133,56.77929753798944,45222.29500894687,13.6,0.785,False,,13.517010703555027,inverse_logistic_from_flux_numeric,13447.628069738197,1418562.313621601,10.00563742015651,1.0726093133481458,nan,1.0,303.0
229.21819163672424,56.5488854039844,19469.617481762798,15.279,0.72,False,,15.084990630765912,inverse_logistic_from_flux_numeric,13447.628069738197,1418562.313621601,10.00563742015651,1.0726093133481458,nan,1.0,303.0
229.61961591033457,56.27489740630889,11794.251808756993,,,False,,nan,inverse_logistic_from_flux_numeric,13447.628069738197,1418562.313621601,10.00563742015651,1.0726093133481458,nan,1.0,303.0
229.68555784662658,56.22862550355055,22775.92725129179,15.025,0.607,False,,14.674775090641138,inverse_logistic_from_flux_numeric,13447.628069738197,1418562.313621601,10.00563742015651,1.0726093133481458,nan,1.0,303.0
228.75428493887435,56.863136233976384,13480.86789214949,,,False,,19.936426820966766,inverse_logistic_from_flux_numeric,13447.628069738197,1418562.313621601,10.00563742015651,1.0726093133481458,nan,1.0,303.0
229.48904918137677,56.36616965572529,15977.857210375001,15.925,0.229,False,,15.89572424615844,inverse_logistic_from_flux_numeric,13447.628069738197,1418562.313621601,10.00563742015651,1.0726093133481458,nan,1.0,303.0
229.61267006589395,56.28158913573675,11933.94799870387,,,False,,nan,inverse_logistic_from_flux_numeric,13447.628069738197,1418562.313621601,10.00563742015651,1.0726093133481458,nan,1.0,303.0
229.2027215161336,56.562088201229955,15601.532942568303,16.034,0.495,False,,16.046101203619706,inverse_logistic_from_flux_numeric,13447.628069738197,1418562.313621601,10.00563742015651,1.0726093133481458,nan,1.0,303.0
228.86302530159938,56.792086464702436,11925.718399817393,,,False,,nan,inverse_logistic_from_flux_numeric,13447.628069738197,1418562.313621601,10.00563742015651,1.0726093133481458,nan,1.0,303.0
229.30754372262538,56.491363984021916,15825.567816007499,nan,nan,False,,15.953698738017117,inverse_logistic_from_flux_numeric,13447.628069738197,1418562.313621601,10.00563742015651,1.0726093133481458,nan,1.0,303.0
229.3336695808692,56.47422261686368,11887.999889073752,,,False,,nan,inverse_logistic_from_flux_numeric,13447.628069738197,1418562.313621601,10.00563742015651,1.0726093133481458,nan,1.0,303.0
228.75095230334395,56.867100724755176,12947.043976267916,,,False,,nan,inverse_logistic_from_flux_numeric,13447.628069738197,1418562.313621601,10.00563742015651,1.0726093133481458,nan,1.0,303.0
227.91990369404112,56.52980573336192,12379.21517792293,,,False,,nan,inverse_logistic_from_flux_numeric,13447.628069738197,1418562.313621601,10.00563742015651,1.0726093133481458,nan,1.0,303.0
229.38728115487908,56.438585271090304,12313.17085676947,,,False,,nan,inverse_logistic_from_flux_numeric,13447.628069738197,1418562.313621601,10.00563742015651,1.0726093133481458,nan,1.0,303.0
229.8191979487043,56.13944381740145,12660.512951570221,,,False,,nan,inverse_logistic_from_flux_numeric,13447.628069738197,1418562.313621601,10.00563742015651,1.0726093133481458,nan,1.0,303.0
229.87886418843476,56.09709895636093,17302.018313672408,,,False,,15.502433342486988,inverse_logistic_from_flux_numeric,13447.628069738197,1418562.313621601,10.00563742015651,1.0726093133481458,nan,1.0,303.0
228.86006619900576,56.795437689353726,12127.001893866796,,,False,,nan,inverse_logistic_from_flux_numeric,13447.628069738197,1418562.313621601,10.00563742015651,1.0726093133481458,nan,1.0,303.0
229.90258764490767,56.08131133869796,16570.94697146203,,,False,,15.69899906330659,inverse_logistic_from_flux_numeric,13447.628069738197,1418562.313621601,10.00563742015651,1.0726093133481458,nan,1.0,303.0
229.23785711242311,56.5417532863091,12001.373601608473,,,False,,nan,inverse_logistic_from_flux_numeric,13447.628069738197,1418562.313621601,10.00563742015651,1.0726093133481458,nan,1.0,303.0
229.49581546958868,56.36606378093661,11834.564590641097,,,False,,nan,inverse_logistic_from_flux_numeric,13447.628069738197,1418562.313621601,10.00563742015651,1.0726093133481458,nan,1.0,303.0
229.8272273499737,56.136721942454784,11996.519286894652,,,False,,nan,inverse_logistic_from_flux_numeric,13447.628069738197,1418562.313621601,10.00563742015651,1.0726093133481458,nan,1.0,303.0
229.94930933914912,56.05159909873517,12598.094426027033,,,False,,nan,inverse_logistic_from_flux_numeric,13447.628069738197,1418562.313621601,10.00563742015651,1.0726093133481458,nan,1.0,303.0
228.7007998837269,56.90522819000369,12030.706263752269,,,False,,nan,inverse_logistic_from_flux_numeric,13447.628069738197,1418562.313621601,10.00563742015651,1.0726093133481458,nan,1.0,303.0
229.2974030674025,56.50491878538236,12539.419585432714,,,False,,nan,inverse_logistic_from_flux_numeric,13447.628069738197,1418562.313621601,10.00563742015651,1.0726093133481458,nan,1.0,303.0
228.91763575917497,56.76257336007494,12457.872356018035,,,False,,nan,inverse_logistic_from_flux_numeric,13447.628069738197,1418562.313621601,10.00563742015651,1.0726093133481458,nan,1.0,303.0
228.9185781691393,56.76169490177148,11988.128204968738,,,False,,nan,inverse_logistic_from_flux_numeric,13447.628069738197,1418562.313621601,10.00563742015651,1.0726093133481458,nan,1.0,303.0
229.1743495083209,56.589416364968685,11885.654128358643,,,False,,nan,inverse_logistic_from_flux_numeric,13447.628069738197,1418562.313621601,10.00563742015651,1.0726093133481458,nan,1.0,303.0
228.91546927300462,56.764088203420144,12212.830937765482,,,False,,nan,inverse_logistic_from_flux_numeric,13447.628069738197,1418562.313621601,10.00563742015651,1.0726093133481458,nan,1.0,303.0
228.91664742554522,56.76372245927902,12106.61022779561,,,False,,nan,inverse_logistic_from_flux_numeric,13447.628069738197,1418562.313621601,10.00563742015651,1.0726093133481458,nan,1.0,303.0
229.59143193104404,56.30416673672512,22990.363208488798,14.882,0.402,False,,14.653442918338158,inverse_logistic_from_flux_numeric,13447.628069738197,1418562.313621601,10.00563742015651,1.0726093133481458,nan,1.0,303.0
229.4878864232455,56.378747708450874,13143.374952283924,,,False,,nan,inverse_logistic_from_flux_numeric,13447.628069738197,1418562.313621601,10.00563742015651,1.0726093133481458,nan,1.0,303.0
229.86785082717654,56.115175912779996,11993.195063693629,,,False,,nan,inverse_logistic_from_flux_numeric,13447.628069738197,1418562.313621601,10.00563742015651,1.0726093133481458,nan,1.0,303.0
228.99079702932664,56.71747998866979,13278.087600721874,,,False,,nan,inverse_logistic_from_flux_numeric,13447.628069738197,1418562.313621601,10.00563742015651,1.0726093133481458,nan,1.0,303.0
229.62964366118698,56.282493107713314,20028.20248712818,,,False,,15.001918729558053,inverse_logistic_from_flux_numeric,13447.628069738197,1418562.313621601,10.00563742015651,1.0726093133481458,nan,1.0,303.0
229.62772501786182,56.28433271997873,44722.501235764525,,,True,Gaia DR3 1600736033502309632,13.532131021451619,inverse_logistic_from_flux_numeric,13447.628069738197,1418562.313621601,10.00563742015651,1.0726093133481458,nan,1.0,303.0
229.2029612991027,56.57636965247388,12499.05661791521,,,False,,nan,inverse_logistic_from_flux_numeric,13447.628069738197,1418562.313621601,10.00563742015651,1.0726093133481458,nan,1.0,303.0
229.74975252480468,56.20108970805578,12407.759796735758,,,False,,nan,inverse_logistic_from_flux_numeric,13447.628069738197,1418562.313621601,10.00563742015651,1.0726093133481458,nan,1.0,303.0
228.76079293705575,56.87390892203036,13662.252370160051,,,False,,18.197425015525816,inverse_logistic_from_flux_numeric,13447.628069738197,1418562.313621601,10.00563742015651,1.0726093133481458,nan,1.0,303.0
228.73253283593198,56.89327612080949,12645.485621839262,,,False,,nan,inverse_logistic_from_flux_numeric,13447.628069738197,1418562.313621601,10.00563742015651,1.0726093133481458,nan,1.0,303.0
229.9083520086536,56.09117169532287,11911.448101230899,,,False,,nan,inverse_logistic_from_flux_numeric,13447.628069738197,1418562.313621601,10.00563742015651,1.0726093133481458,nan,1.0,303.0
229.55561547108144,56.3373971024792,11880.27746567769,,,False,,nan,inverse_logistic_from_flux_numeric,13447.628069738197,1418562.313621601,10.00563742015651,1.0726093133481458,nan,1.0,303.0
229.90134173785563,56.097565053249404,149778.76576130185,12.248,0.749,False,,12.085357495350951,inverse_logistic_from_flux_numeric,13447.628069738197,1418562.313621601,10.00563742015651,1.0726093133481458,nan,1.0,303.0
229.9311336492277,56.07937554954133,12022.746793542046,,,False,,nan,inverse_logistic_from_flux_numeric,13447.628069738197,1418562.313621601,10.00563742015651,1.0726093133481458,nan,1.0,303.0
229.06090480685322,56.679049686120635,12415.405576359095,,,False,,nan,inverse_logistic_from_flux_numeric,13447.628069738197,1418562.313621601,10.00563742015651,1.0726093133481458,nan,1.0,303.0
229.8677794398971,56.125414231110156,12723.944618150985,,,False,,nan,inverse_logistic_from_flux_numeric,13447.628069738197,1418562.313621601,10.00563742015651,1.0726093133481458,nan,1.0,303.0
229.81776040363405,56.160729734333465,12586.745390760028,,,False,,nan,inverse_logistic_from_flux_numeric,13447.628069738197,1418562.313621601,10.00563742015651,1.0726093133481458,nan,1.0,303.0
229.9210541156566,56.08976368028272,14110.521503753294,,,False,,17.14574263973401,inverse_logistic_from_flux_numeric,13447.628069738197,1418562.313621601,10.00563742015651,1.0726093133481458,nan,1.0,303.0
229.01679832549524,56.71311323654387,12070.3802098639,,,False,,nan,inverse_logistic_from_flux_numeric,13447.628069738197,1418562.313621601,10.00563742015651,1.0726093133481458,nan,1.0,303.0
229.14792695732115,56.626239289373814,14154.278969537425,16.82,0.415,False,,17.086118246363505,inverse_logistic_from_flux_numeric,13447.628069738197,1418562.313621601,10.00563742015651,1.0726093133481458,nan,1.0,303.0
229.89517118245112,56.112085344247,14564.202744657998,,,False,,16.65933087324757,inverse_logistic_from_flux_numeric,13447.628069738197,1418562.313621601,10.00563742015651,1.0726093133481458,nan,1.0,303.0
229.64267777481194,56.289004552639014,12546.595627191304,,,False,,nan,inverse_logistic_from_flux_numeric,13447.628069738197,1418562.313621601,10.00563742015651,1.0726093133481458,nan,1.0,303.0
229.97164028816945,56.06169423782643,12282.628976337777,,,False,,nan,inverse_logistic_from_flux_numeric,13447.628069738197,1418562.313621601,10.00563742015651,1.0726093133481458,nan,1.0,303.0
229.67716179981232,56.26815010906242,11902.696032013544,,,False,,nan,inverse_logistic_from_flux_numeric,13447.628069738197,1418562.313621601,10.00563742015651,1.0726093133481458,nan,1.0,303.0
229.49261791478227,56.39585439475656,12169.922265791745,,,False,,nan,inverse_logistic_from_flux_numeric,13447.628069738197,1418562.313621601,10.00563742015651,1.0726093133481458,nan,1.0,303.0
229.67639903387928,56.26933428540718,12043.30072213726,,,False,,nan,inverse_logistic_from_flux_numeric,13447.628069738197,1418562.313621601,10.00563742015651,1.0726093133481458,nan,1.0,303.0
228.7555758457093,56.89523225463514,12546.125392608345,,,False,,nan,inverse_logistic_from_flux_numeric,13447.628069738197,1418562.313621601,10.00563742015651,1.0726093133481458,nan,1.0,303.0
228.8657511218163,56.82291156944442,21648.64400259524,15.087,0.988,False,,14.795603771915275,inverse_logistic_from_flux_numeric,13447.628069738197,1418562.313621601,10.00563742015651,1.0726093133481458,nan,1.0,303.0
229.4401676116407,56.43418712065247,62099.62533423217,13.157,0.399,False,,13.108298121406936,inverse_logistic_from_flux_numeric,13447.628069738197,1418562.313621601,10.00563742015651,1.0726093133481458,nan,1.0,303.0
228.969164989069,56.75521368960677,19579.08441434802,15.354,1.236,False,,15.068122540301186,inverse_logistic_from_flux_numeric,13447.628069738197,1418562.313621601,10.00563742015651,1.0726093133481458,nan,1.0,303.0
229.83515885337047,56.16256412167357,14481.32940201235,,,False,,16.731285134364953,inverse_logistic_from_flux_numeric,13447.628069738197,1418562.313621601,10.00563742015651,1.0726093133481458,nan,1.0,303.0
229.975981744403,56.06369869935676,12808.156012476995,,,False,,nan,inverse_logistic_from_flux_numeric,13447.628069738197,1418562.313621601,10.00563742015651,1.0726093133481458,nan,1.0,303.0
229.91020555221814,56.11146755667895,12292.201344645375,,,False,,nan,inverse_logistic_from_flux_numeric,13447.628069738197,1418562.313621601,10.00563742015651,1.0726093133481458,nan,1.0,303.0
228.8339605234434,56.848232368859314,12010.450855545552,,,False,,nan,inverse_logistic_from_flux_numeric,13447.628069738197,1418562.313621601,10.00563742015651,1.0726093133481458,nan,1.0,303.0
228.97010769705958,56.75760338268898,12152.18943174376,,,False,,nan,inverse_logistic_from_flux_numeric,13447.628069738197,1418562.313621601,10.00563742015651,1.0726093133481458,nan,1.0,303.0
228.83338684024142,56.84940720476997,11933.177355119624,,,False,,nan,inverse_logistic_from_flux_numeric,13447.628069738197,1418562.313621601,10.00563742015651,1.0726093133481458,nan,1.0,303.0
228.83707862047308,56.84590139816494,16781.800104720962,15.756,0.774,False,,15.637952974918843,inverse_logistic_from_flux_numeric,13447.628069738197,1418562.313621601,10.00563742015651,1.0726093133481458,nan,1.0,303.0
228.96954805328537,56.75867249964866,12187.8183130968,,,False,,nan,inverse_logistic_from_flux_numeric,13447.628069738197,1418562.313621601,10.00563742015651,1.0726093133481458,nan,1.0,303.0
229.3041592538572,56.533347211186005,11944.455211598388,,,False,,nan,inverse_logistic_from_flux_numeric,13447.628069738197,1418562.313621601,10.00563742015651,1.0726093133481458,nan,1.0,303.0
229.35756786062132,56.496163201923586,19705.792084789093,15.237,0.556,False,,15.048968193487227,inverse_logistic_from_flux_numeric,13447.628069738197,1418562.313621601,10.00563742015651,1.0726093133481458,nan,1.0,303.0
229.5018713598636,56.39862821423513,13753.49322330424,,,False,,17.86709018348681,inverse_logistic_from_flux_numeric,13447.628069738197,1418562.313621601,10.00563742015651,1.0726093133481458,nan,1.0,303.0
229.15673163984735,56.63496348061148,12034.11838674909,,,False,,nan,inverse_logistic_from_flux_numeric,13447.628069738197,1418562.313621601,10.00563742015651,1.0726093133481458,nan,1.0,303.0
229.7435490209486,56.23420704759337,11763.431074627217,,,False,,nan,inverse_logistic_from_flux_numeric,13447.628069738197,1418562.313621601,10.00563742015651,1.0726093133481458,nan,1.0,303.0
229.50703624566572,56.39905422479166,19052.134215463575,,,False,,15.15225191509441,inverse_logistic_from_flux_numeric,13447.628069738197,1418562.313621601,10.00563742015651,1.0726093133481458,nan,1.0,303.0
229.86860777740637,56.149623694123505,11922.113791425887,,,False,,nan,inverse_logistic_from_flux_numeric,13447.628069738197,1418562.313621601,10.00563742015651,1.0726093133481458,nan,1.0,303.0
228.8738303117803,56.8293868476164,14015.611727196512,,,False,,17.289867039582397,inverse_logistic_from_flux_numeric,13447.628069738197,1418562.313621601,10.00563742015651,1.0726093133481458,nan,1.0,303.0
228.96688350585805,56.768069630267895,12073.581909920424,,,False,,nan,inverse_logistic_from_flux_numeric,13447.628069738197,1418562.313621601,10.00563742015651,1.0726093133481458,nan,1.0,303.0
229.2643711869909,56.567018735469595,12825.02612001029,,,False,,nan,inverse_logistic_from_flux_numeric,13447.628069738197,1418562.313621601,10.00563742015651,1.0726093133481458,nan,1.0,303.0
229.0756674925337,56.695466982329116,13063.009517532342,,,False,,nan,inverse_logistic_from_flux_numeric,13447.628069738197,1418562.313621601,10.00563742015651,1.0726093133481458,nan,1.0,303.0
229.94982015531733,56.09380567879085,12635.744630484494,,,False,,nan,inverse_logistic_from_flux_numeric,13447.628069738197,1418562.313621601,10.00563742015651,1.0726093133481458,nan,1.0,303.0
229.7657250007115,56.22333927869291,11896.888283394668,,,False,,nan,inverse_logistic_from_flux_numeric,13447.628069738197,1418562.313621601,10.00563742015651,1.0726093133481458,nan,1.0,303.0
229.41260370103143,56.46872914817906,11919.293998833937,,,False,,nan,inverse_logistic_from_flux_numeric,13447.628069738197,1418562.313621601,10.00563742015651,1.0726093133481458,nan,1.0,303.0
229.56970291740566,56.36075655970838,11822.89390046213,,,False,,nan,inverse_logistic_from_flux_numeric,13447.628069738197,1418562.313621601,10.00563742015651,1.0726093133481458,nan,1.0,303.0
229.88148032332938,56.144059281368115,11845.134586792814,,,False,,nan,inverse_logistic_from_flux_numeric,13447.628069738197,1418562.313621601,10.00563742015651,1.0726093133481458,nan,1.0,303.0
229.58223448277832,56.352869713748525,24873.759157984754,14.702,0.503,False,,14.48425433587078,inverse_logistic_from_flux_numeric,13447.628069738197,1418562.313621601,10.00563742015651,1.0726093133481458,nan,1.0,303.0
229.72323679270113,56.256042112694224,12640.66188380987,,,False,,nan,inverse_logistic_from_flux_numeric,13447.628069738197,1418562.313621601,10.00563742015651,1.0726093133481458,nan,1.0,303.0
228.77199241549624,56.902609004454455,11975.424663798625,,,False,,nan,inverse_logistic_from_flux_numeric,13447.628069738197,1418562.313621601,10.00563742015651,1.0726093133481458,nan,1.0,303.0
229.2058789365774,56.61261709143117,12081.471515886127,,,False,,nan,inverse_logistic_from_flux_numeric,13447.628069738197,1418562.313621601,10.00563742015651,1.0726093133481458,nan,1.0,303.0
229.79241521714786,56.20925871087442,11808.744063865424,,,False,,nan,inverse_logistic_from_flux_numeric,13447.628069738197,1418562.313621601,10.00563742015651,1.0726093133481458,nan,1.0,303.0
229.24942901864793,56.582822143187094,18529.862947468653,15.569,0.963,False,,15.24379778578093,inverse_logistic_from_flux_numeric,13447.628069738197,1418562.313621601,10.00563742015651,1.0726093133481458,nan,1.0,303.0
229.7086873551028,56.26811884514289,12583.367486521873,,,False,,nan,inverse_logistic_from_flux_numeric,13447.628069738197,1418562.313621601,10.00563742015651,1.0726093133481458,nan,1.0,303.0
229.60513446697067,56.34037103609825,12406.554323803663,,,False,,nan,inverse_logistic_from_flux_numeric,13447.628069738197,1418562.313621601,10.00563742015651,1.0726093133481458,nan,1.0,303.0
229.21483561685994,56.60914190595791,12406.611270225345,,,False,,nan,inverse_logistic_from_flux_numeric,13447.628069738197,1418562.313621601,10.00563742015651,1.0726093133481458,nan,1.0,303.0
229.4098388547056,56.477447746882746,13200.591964721432,,,False,,nan,inverse_logistic_from_flux_numeric,13447.628069738197,1418562.313621601,10.00563742015651,1.0726093133481458,nan,1.0,303.0
229.41710532145393,56.4727086966865,12310.836274278809,,,False,,nan,inverse_logistic_from_flux_numeric,13447.628069738197,1418562.313621601,10.00563742015651,1.0726093133481458,nan,1.0,303.0
229.42404250028434,56.46786253579957,12417.63939485868,,,False,,nan,inverse_logistic_from_flux_numeric,13447.628069738197,1418562.313621601,10.00563742015651,1.0726093133481458,nan,1.0,303.0
229.41928097997342,56.471419711140605,11945.348740345691,,,False,,nan,inverse_logistic_from_flux_numeric,13447.628069738197,1418562.313621601,10.00563742015651,1.0726093133481458,nan,1.0,303.0
229.42322990082263,56.46905489363849,12462.019143400335,,,False,,nan,inverse_logistic_from_flux_numeric,13447.628069738197,1418562.313621601,10.00563742015651,1.0726093133481458,nan,1.0,303.0
229.42117115537087,56.471062666383666,12424.188175105259,,,False,,nan,inverse_logistic_from_flux_numeric,13447.628069738197,1418562.313621601,10.00563742015651,1.0726093133481458,nan,1.0,303.0
229.03350746199885,56.73594405796612,12676.929850968401,,,False,,nan,inverse_logistic_from_flux_numeric,13447.628069738197,1418562.313621601,10.00563742015651,1.0726093133481458,nan,1.0,303.0
229.9975889303787,56.07323785133155,11882.165695100222,,,False,,nan,inverse_logistic_from_flux_numeric,13447.628069738197,1418562.313621601,10.00563742015651,1.0726093133481458,nan,1.0,303.0
228.80859529549858,56.888019384656154,12046.335891172504,,,False,,nan,inverse_logistic_from_flux_numeric,13447.628069738197,1418562.313621601,10.00563742015651,1.0726093133481458,nan,1.0,303.0
229.5186090927802,56.40850357162852,12530.203750067672,,,False,,nan,inverse_logistic_from_flux_numeric,13447.628069738197,1418562.313621601,10.00563742015651,1.0726093133481458,nan,1.0,303.0
229.51807531638494,56.40967881879255,12372.288742138742,,,False,,nan,inverse_logistic_from_flux_numeric,13447.628069738197,1418562.313621601,10.00563742015651,1.0726093133481458,nan,1.0,303.0
228.93129431243457,56.808502131104575,18933.85107148886,15.36,0.784,False,,15.172217634026431,inverse_logistic_from_flux_numeric,13447.628069738197,1418562.313621601,10.00563742015651,1.0726093133481458,nan,1.0,303.0
229.02047293559954,56.74980081774943,12030.681901293883,,,False,,nan,inverse_logistic_from_flux_numeric,13447.628069738197,1418562.313621601,10.00563742015651,1.0726093133481458,nan,1.0,303.0
229.4115739714044,56.483750435759646,25172.70395525502,14.613,0.402,False,,14.459975807737965,inverse_logistic_from_flux_numeric,13447.628069738197,1418562.313621601,10.00563742015651,1.0726093133481458,nan,1.0,303.0
229.24394489019465,56.59963675746116,11921.542102261594,,,False,,nan,inverse_logistic_from_flux_numeric,13447.628069738197,1418562.313621601,10.00563742015651,1.0726093133481458,nan,1.0,303.0
228.7866258791956,56.90742478898311,12349.688943994972,,,False,,nan,inverse_logistic_from_flux_numeric,13447.628069738197,1418562.313621601,10.00563742015651,1.0726093133481458,nan,1.0,303.0
229.02388921567464,56.74871492836481,13231.326963944091,,,False,,nan,inverse_logistic_from_flux_numeric,13447.628069738197,1418562.313621601,10.00563742015651,1.0726093133481458,nan,1.0,303.0
229.7475048269019,56.25390970627931,12685.381299300348,,,False,,nan,inverse_logistic_from_flux_numeric,13447.628069738197,1418562.313621601,10.00563742015651,1.0726093133481458,nan,1.0,303.0
229.53577486788447,56.40278380069378,11747.815318933746,,,False,,nan,inverse_logistic_from_flux_numeric,13447.628069738197,1418562.313621601,10.00563742015651,1.0726093133481458,nan,1.0,303.0
229.97572130950502,56.096686386851616,11972.08370530304,,,False,,nan,inverse_logistic_from_flux_numeric,13447.628069738197,1418562.313621601,10.00563742015651,1.0726093133481458,nan,1.0,303.0
229.95376394239543,56.11250047555808,11947.423099450012,,,False,,nan,inverse_logistic_from_flux_numeric,13447.628069738197,1418562.313621601,10.00563742015651,1.0726093133481458,nan,1.0,303.0
229.07624770160422,56.71682375606981,12020.458609647252,,,False,,nan,inverse_logistic_from_flux_numeric,13447.628069738197,1418562.313621601,10.00563742015651,1.0726093133481458,nan,1.0,303.0
229.74162545574796,56.26124158836215,14745.568787966176,16.199,0.53,False,,16.518886018590685,inverse_logistic_from_flux_numeric,13447.628069738197,1418562.313621601,10.00563742015651,1.0726093133481458,nan,1.0,303.0
229.79542706798793,56.2255377046854,11808.5605082331,,,False,,nan,inverse_logistic_from_flux_numeric,13447.628069738197,1418562.313621601,10.00563742015651,1.0726093133481458,nan,1.0,303.0
229.56660537936708,56.384151119688674,11965.05306957696,,,False,,nan,inverse_logistic_from_flux_numeric,13447.628069738197,1418562.313621601,10.00563742015651,1.0726093133481458,nan,1.0,303.0
229.5721170908086,56.37933268162081,17233.355384861054,,,False,,15.519237033706801,inverse_logistic_from_flux_numeric,13447.628069738197,1418562.313621601,10.00563742015651,1.0726093133481458,nan,1.0,303.0
229.5687074104759,56.38278169096724,12311.287650907512,,,False,,nan,inverse_logistic_from_flux_numeric,13447.628069738197,1418562.313621601,10.00563742015651,1.0726093133481458,nan,1.0,303.0
229.5726034454158,56.38045550544355,12428.689857096297,,,False,,nan,inverse_logistic_from_flux_numeric,13447.628069738197,1418562.313621601,10.00563742015651,1.0726093133481458,nan,1.0,303.0
229.57076346378014,56.38243549700643,12215.102794345676,,,False,,nan,inverse_logistic_from_flux_numeric,13447.628069738197,1418562.313621601,10.00563742015651,1.0726093133481458,nan,1.0,303.0
229.57294190079136,56.38173289451401,11799.736760820782,,,False,,nan,inverse_logistic_from_flux_numeric,13447.628069738197,1418562.313621601,10.00563742015651,1.0726093133481458,nan,1.0,303.0
229.86944276089957,56.17468438898181,20056.318872027794,,,True,Gaia DR3 1600721121375890176,14.997925070001596,inverse_logistic_from_flux_numeric,13447.628069738197,1418562.313621601,10.00563742015651,1.0726093133481458,nan,1.0,303.0
229.71230115206467,56.2853112653541,12207.099185157573,,,False,,nan,inverse_logistic_from_flux_numeric,13447.628069738197,1418562.313621601,10.00563742015651,1.0726093133481458,nan,1.0,303.0
230.00848227343113,56.078088573265035,12794.516568891855,,,False,,nan,inverse_logistic_from_flux_numeric,13447.628069738197,1418562.313621601,10.00563742015651,1.0726093133481458,nan,1.0,303.0
229.20442670459641,56.633686225284855,16635.305045661502,15.86,0.697,False,,15.67994072643922,inverse_logistic_from_flux_numeric,13447.628069738197,1418562.313621601,10.00563742015651,1.0726093133481458,nan,1.0,303.0
229.86153664244782,56.182823097755374,12548.175019744307,,,False,,nan,inverse_logistic_from_flux_numeric,13447.628069738197,1418562.313621601,10.00563742015651,1.0726093133481458,nan,1.0,303.0
229.68572548586192,56.3075131516771,12576.394095761385,,,False,,nan,inverse_logistic_from_flux_numeric,13447.628069738197,1418562.313621601,10.00563742015651,1.0726093133481458,nan,1.0,303.0
229.84483181948727,56.19705032469111,12596.543061331686,,,False,,nan,inverse_logistic_from_flux_numeric,13447.628069738197,1418562.313621601,10.00563742015651,1.0726093133481458,nan,1.0,303.0
229.84716067549073,56.19584751015075,12462.521603985359,,,False,,nan,inverse_logistic_from_flux_numeric,13447.628069738197,1418562.313621601,10.00563742015651,1.0726093133481458,nan,1.0,303.0
229.8517171807791,56.193543267554105,11764.87358030888,,,False,,nan,inverse_logistic_from_flux_numeric,13447.628069738197,1418562.313621601,10.00563742015651,1.0726093133481458,nan,1.0,303.0
229.849065700945,56.19544852495719,12692.824771131958,,,False,,nan,inverse_logistic_from_flux_numeric,13447.628069738197,1418562.313621601,10.00563742015651,1.0726093133481458,nan,1.0,303.0
229.851205536406,56.19446040658285,12576.310340098427,,,False,,nan,inverse_logistic_from_flux_numeric,13447.628069738197,1418562.313621601,10.00563742015651,1.0726093133481458,nan,1.0,303.0
229.50009260416974,56.43847123699719,12519.922223237438,,,False,,nan,inverse_logistic_from_flux_numeric,13447.628069738197,1418562.313621601,10.00563742015651,1.0726093133481458,nan,1.0,303.0
229.9679053646997,56.11328739746383,11887.601436256491,,,False,,nan,inverse_logistic_from_flux_numeric,13447.628069738197,1418562.313621601,10.00563742015651,1.0726093133481458,nan,1.0,303.0
229.03240168353324,56.75682671048582,12178.887250686845,,,False,,nan,inverse_logistic_from_flux_numeric,13447.628069738197,1418562.313621601,10.00563742015651,1.0726093133481458,nan,1.0,303.0
228.76407933639092,56.93782794203787,12086.397107109988,,,False,,nan,inverse_logistic_from_flux_numeric,13447.628069738197,1418562.313621601,10.00563742015651,1.0726093133481458,nan,1.0,303.0
229.18427914946275,56.65895680943206,14386.836986240667,15.55,0.558,False,,16.820721724756936,inverse_logistic_from_flux_numeric,13447.628069738197,1418562.313621601,10.00563742015651,1.0726093133481458,nan,1.0,303.0
228.78269202665828,56.92764549369804,15984.691813073203,,,False,,15.893204772795372,inverse_logistic_from_flux_numeric,13447.628069738197,1418562.313621601,10.00563742015651,1.0726093133481458,nan,1.0,303.0
229.8726990098756,56.18466481983059,24787.723264030883,14.666,0.274,False,,14.491358479688436,inverse_logistic_from_flux_numeric,13447.628069738197,1418562.313621601,10.00563742015651,1.0726093133481458,nan,1.0,303.0
229.18486857705162,56.659291334727854,17027.5529237233,15.55,0.558,False,,15.57148631668758,inverse_logistic_from_flux_numeric,13447.628069738197,1418562.313621601,10.00563742015651,1.0726093133481458,nan,1.0,303.0
228.8209429999407,56.90528658846408,12145.27563727615,,,False,,nan,inverse_logistic_from_flux_numeric,13447.628069738197,1418562.313621601,10.00563742015651,1.0726093133481458,nan,1.0,303.0
229.13659475418336,56.69497861304408,11963.07814563171,,,False,,nan,inverse_logistic_from_flux_numeric,13447.628069738197,1418562.313621601,10.00563742015651,1.0726093133481458,nan,1.0,303.0
230.0094747338541,56.09354826854079,14354.697866200819,,,False,,16.85320459624519,inverse_logistic_from_flux_numeric,13447.628069738197,1418562.313621601,10.00563742015651,1.0726093133481458,nan,1.0,303.0
229.45124872570247,56.48285754071794,11818.571541850668,,,False,,nan,inverse_logistic_from_flux_numeric,13447.628069738197,1418562.313621601,10.00563742015651,1.0726093133481458,nan,1.0,303.0
229.58437672473912,56.391714564005724,11833.29630904712,,,False,,nan,inverse_logistic_from_flux_numeric,13447.628069738197,1418562.313621601,10.00563742015651,1.0726093133481458,nan,1.0,303.0
229.60016947800915,56.381447639602584,12458.224734486736,,,False,,nan,inverse_logistic_from_flux_numeric,13447.628069738197,1418562.313621601,10.00563742015651,1.0726093133481458,nan,1.0,303.0
230.0253924421584,56.085490163801545,12296.617781122262,,,False,,nan,inverse_logistic_from_flux_numeric,13447.628069738197,1418562.313621601,10.00563742015651,1.0726093133481458,nan,1.0,303.0
229.44055286284134,56.49281191275184,11966.454818568856,,,False,,nan,inverse_logistic_from_flux_numeric,13447.628069738197,1418562.313621601,10.00563742015651,1.0726093133481458,nan,1.0,303.0
229.43957973758515,56.49398337974839,12350.589197463338,,,False,,nan,inverse_logistic_from_flux_numeric,13447.628069738197,1418562.313621601,10.00563742015651,1.0726093133481458,nan,1.0,303.0
229.30046307634092,56.58885893071169,22268.74917126276,14.955,0.744,False,,14.727233174503816,inverse_logistic_from_flux_numeric,13447.628069738197,1418562.313621601,10.00563742015651,1.0726093133481458,nan,1.0,303.0
229.4375909795379,56.49606518644693,12466.975663953912,,,False,,nan,inverse_logistic_from_flux_numeric,13447.628069738197,1418562.313621601,10.00563742015651,1.0726093133481458,nan,1.0,303.0
229.631817722534,56.36229233889494,14228.16749003011,,,False,,16.99335279112953,inverse_logistic_from_flux_numeric,13447.628069738197,1418562.313621601,10.00563742015651,1.0726093133481458,nan,1.0,303.0
230.02864010212568,56.08666312902973,11898.44612655294,,,False,,nan,inverse_logistic_from_flux_numeric,13447.628069738197,1418562.313621601,10.00563742015651,1.0726093133481458,nan,1.0,303.0
229.8121143015496,56.23866144134311,12639.681352348749,,,False,,nan,inverse_logistic_from_flux_numeric,13447.628069738197,1418562.313621601,10.00563742015651,1.0726093133481458,nan,1.0,303.0
229.17215268990918,56.67926310548343,11915.166797541155,,,False,,nan,inverse_logistic_from_flux_numeric,13447.628069738197,1418562.313621601,10.00563742015651,1.0726093133481458,nan,1.0,303.0
229.13911135013777,56.70195292472107,11967.201126799799,,,False,,nan,inverse_logistic_from_flux_numeric,13447.628069738197,1418562.313621601,10.00563742015651,1.0726093133481458,nan,1.0,303.0
229.73350736587003,56.294590399840594,12531.184984888438,,,False,,nan,inverse_logistic_from_flux_numeric,13447.628069738197,1418562.313621601,10.00563742015651,1.0726093133481458,nan,1.0,303.0
229.57674636070126,56.40420570994537,11905.073234216785,,,False,,nan,inverse_logistic_from_flux_numeric,13447.628069738197,1418562.313621601,10.00563742015651,1.0726093133481458,nan,1.0,303.0
229.92127339466862,56.1653111863601,12070.28724314494,,,False,,nan,inverse_logistic_from_flux_numeric,13447.628069738197,1418562.313621601,10.00563742015651,1.0726093133481458,nan,1.0,303.0
229.92349477033846,56.163763586801224,14060.628027181623,,,False,,17.218728116713024,inverse_logistic_from_flux_numeric,13447.628069738197,1418562.313621601,10.00563742015651,1.0726093133481458,nan,1.0,303.0
229.54823828401354,56.42574184293299,11880.914133171636,,,False,,nan,inverse_logistic_from_flux_numeric,13447.628069738197,1418562.313621601,10.00563742015651,1.0726093133481458,nan,1.0,303.0
229.95510684086747,56.14396935953545,24647.081951313045,,,False,,14.503087426865953,inverse_logistic_from_flux_numeric,13447.628069738197,1418562.313621601,10.00563742015651,1.0726093133481458,nan,1.0,303.0
230.0351007566918,56.08981333204394,12456.817605933898,,,False,,nan,inverse_logistic_from_flux_numeric,13447.628069738197,1418562.313621601,10.00563742015651,1.0726093133481458,nan,1.0,303.0
228.89025286031918,56.873819631675524,49680.52884626304,13.469,0.769,False,,13.391569145297407,inverse_logistic_from_flux_numeric,13447.628069738197,1418562.313621601,10.00563742015651,1.0726093133481458,nan,1.0,303.0
228.86762488859625,56.88999471480705,13238.571771260893,,,False,,nan,inverse_logistic_from_flux_numeric,13447.628069738197,1418562.313621601,10.00563742015651,1.0726093133481458,nan,1.0,303.0
230.0175154692767,56.10331593137774,11950.955022672844,,,False,,nan,inverse_logistic_from_flux_numeric,13447.628069738197,1418562.313621601,10.00563742015651,1.0726093133481458,nan,1.0,303.0
228.95483902925173,56.831847765158585,17515.83840418186,15.96,1.448,False,,15.4519555385018,inverse_logistic_from_flux_numeric,13447.628069738197,1418562.313621601,10.00563742015651,1.0726093133481458,nan,1.0,303.0
229.21147305213233,56.661366097003636,11999.114939029581,,,False,,nan,inverse_logistic_from_flux_numeric,13447.628069738197,1418562.313621601,10.00563742015651,1.0726093133481458,nan,1.0,303.0
229.52176779951492,56.450021398934844,11845.533175639597,,,False,,nan,inverse_logistic_from_flux_numeric,13447.628069738197,1418562.313621601,10.00563742015651,1.0726093133481458,nan,1.0,303.0
229.80776536558398,56.252408989718205,12199.10209994699,,,False,,nan,inverse_logistic_from_flux_numeric,13447.628069738197,1418562.313621601,10.00563742015651,1.0726093133481458,nan,1.0,303.0
229.8258873399599,56.24020595798802,12729.648374853288,,,False,,nan,inverse_logistic_from_flux_numeric,13447.628069738197,1418562.313621601,10.00563742015651,1.0726093133481458,nan,1.0,303.0
228.92373574624952,56.85596664718768,16787.43127145682,15.646,0.709,False,,15.636375963066204,inverse_logistic_from_flux_numeric,13447.628069738197,1418562.313621601,10.00563742015651,1.0726093133481458,nan,1.0,303.0
229.36107906008158,56.5622964668408,12197.29722109114,,,False,,nan,inverse_logistic_from_flux_numeric,13447.628069738197,1418562.313621601,10.00563742015651,1.0726093133481458,nan,1.0,303.0
229.71141686681773,56.32076538936432,14663.056443190895,,,False,,16.58017686775402,inverse_logistic_from_flux_numeric,13447.628069738197,1418562.313621601,10.00563742015651,1.0726093133481458,nan,1.0,303.0
230.03999932090824,56.091686818875935,11941.240482640564,,,False,,nan,inverse_logistic_from_flux_numeric,13447.628069738197,1418562.313621601,10.00563742015651,1.0726093133481458,nan,1.0,303.0
229.5996611197154,56.399349699767654,12835.935948189468,,,False,,nan,inverse_logistic_from_flux_numeric,13447.628069738197,1418562.313621601,10.00563742015651,1.0726093133481458,nan,1.0,303.0
229.62295656769322,56.384116202397834,11911.874063510038,,,False,,nan,inverse_logistic_from_flux_numeric,13447.628069738197,1418562.313621601,10.00563742015651,1.0726093133481458,nan,1.0,303.0
229.7129640924024,56.32184079484436,15192.542879814686,,,False,,16.2426948317368,inverse_logistic_from_flux_numeric,13447.628069738197,1418562.313621601,10.00563742015651,1.0726093133481458,nan,1.0,303.0
229.66737215163624,56.35440135203766,13876.410276362041,,,False,,17.552071210670675,inverse_logistic_from_flux_numeric,13447.628069738197,1418562.313621601,10.00563742015651,1.0726093133481458,nan,1.0,303.0
228.94955659260606,56.844321085976276,12237.72562959984,,,False,,nan,inverse_logistic_from_flux_numeric,13447.628069738197,1418562.313621601,10.00563742015651,1.0726093133481458,nan,1.0,303.0
229.47108556616024,56.491140175803615,12582.510570080272,,,False,,nan,inverse_logistic_from_flux_numeric,13447.628069738197,1418562.313621601,10.00563742015651,1.0726093133481458,nan,1.0,303.0
229.3162450710736,56.59715999451542,12496.709861276331,,,False,,nan,inverse_logistic_from_flux_numeric,13447.628069738197,1418562.313621601,10.00563742015651,1.0726093133481458,nan,1.0,303.0
229.49430675099524,56.475726093944736,11904.515422675706,,,False,,nan,inverse_logistic_from_flux_numeric,13447.628069738197,1418562.313621601,10.00563742015651,1.0726093133481458,nan,1.0,303.0
229.76824652728993,56.28580209190888,13943.225637959047,,,False,,17.417014862346903,inverse_logistic_from_flux_numeric,13447.628069738197,1418562.313621601,10.00563742015651,1.0726093133481458,nan,1.0,303.0
229.54588424095525,56.44061572654803,12120.54642082039,,,False,,nan,inverse_logistic_from_flux_numeric,13447.628069738197,1418562.313621601,10.00563742015651,1.0726093133481458,nan,1.0,303.0
229.31570796275847,56.598557014653395,12044.019740802623,,,False,,nan,inverse_logistic_from_flux_numeric,13447.628069738197,1418562.313621601,10.00563742015651,1.0726093133481458,nan,1.0,303.0
229.3134412332362,56.6003187978035,12394.798437684602,,,False,,nan,inverse_logistic_from_flux_numeric,13447.628069738197,1418562.313621601,10.00563742015651,1.0726093133481458,nan,1.0,303.0
229.3155700477527,56.59963361231732,12384.918608525933,,,False,,nan,inverse_logistic_from_flux_numeric,13447.628069738197,1418562.313621601,10.00563742015651,1.0726093133481458,nan,1.0,303.0
229.70246032992895,56.334068422052965,13391.546518975842,,,False,,nan,inverse_logistic_from_flux_numeric,13447.628069738197,1418562.313621601,10.00563742015651,1.0726093133481458,nan,1.0,303.0
230.04471815721217,56.09528191473748,11866.089263501693,,,False,,nan,inverse_logistic_from_flux_numeric,13447.628069738197,1418562.313621601,10.00563742015651,1.0726093133481458,nan,1.0,303.0
229.23040995225335,56.65836991359561,11918.453016986701,,,False,,nan,inverse_logistic_from_flux_numeric,13447.628069738197,1418562.313621601,10.00563742015651,1.0726093133481458,nan,1.0,303.0
229.23753097007636,56.65353166673245,11942.563936949518,,,False,,nan,inverse_logistic_from_flux_numeric,13447.628069738197,1418562.313621601,10.00563742015651,1.0726093133481458,nan,1.0,303.0
229.67287715594804,56.354386085140355,100800.09331841709,12.502,0.263,False,,12.535672351514702,inverse_logistic_from_flux_numeric,13447.628069738197,1418562.313621601,10.00563742015651,1.0726093133481458,nan,1.0,303.0
229.23655684704906,56.65478415418175,12360.687771400331,,,False,,nan,inverse_logistic_from_flux_numeric,13447.628069738197,1418562.313621601,10.00563742015651,1.0726093133481458,nan,1.0,303.0
229.23481284486277,56.656799132440725,12251.149559242325,,,False,,nan,inverse_logistic_from_flux_numeric,13447.628069738197,1418562.313621601,10.00563742015651,1.0726093133481458,nan,1.0,303.0
229.23676436874143,56.65594442550828,11915.359143813686,,,False,,nan,inverse_logistic_from_flux_numeric,13447.628069738197,1418562.313621601,10.00563742015651,1.0726093133481458,nan,1.0,303.0
229.99603686540823,56.13179232943507,11947.910542779673,,,False,,nan,inverse_logistic_from_flux_numeric,13447.628069738197,1418562.313621601,10.00563742015651,1.0726093133481458,nan,1.0,303.0
229.45072716686843,56.51032970538868,12376.936865915362,,,False,,nan,inverse_logistic_from_flux_numeric,13447.628069738197,1418562.313621601,10.00563742015651,1.0726093133481458,nan,1.0,303.0
229.47097812003537,56.49681745311366,12477.475053505259,,,False,,nan,inverse_logistic_from_flux_numeric,13447.628069738197,1418562.313621601,10.00563742015651,1.0726093133481458,nan,1.0,303.0
229.5023247487721,56.475935798241174,11904.834656860721,,,False,,nan,inverse_logistic_from_flux_numeric,13447.628069738197,1418562.313621601,10.00563742015651,1.0726093133481458,nan,1.0,303.0
229.92213064592676,56.18436336897941,14687.76385699351,,,False,,16.561398461566633,inverse_logistic_from_flux_numeric,13447.628069738197,1418562.313621601,10.00563742015651,1.0726093133481458,nan,1.0,303.0
229.87691600074461,56.21670388386262,16020.64631360839,,,False,,15.880061261226686,inverse_logistic_from_flux_numeric,13447.628069738197,1418562.313621601,10.00563742015651,1.0726093133481458,nan,1.0,303.0
229.7739599045459,56.289745043961666,11877.090411435516,,,False,,nan,inverse_logistic_from_flux_numeric,13447.628069738197,1418562.313621601,10.00563742015651,1.0726093133481458,nan,1.0,303.0
230.03923030495596,56.104092735254895,11994.549607496683,,,False,,nan,inverse_logistic_from_flux_numeric,13447.628069738197,1418562.313621601,10.00563742015651,1.0726093133481458,nan,1.0,303.0
229.84327800363837,56.241871937295315,11836.099629288892,,,False,,nan,inverse_logistic_from_flux_numeric,13447.628069738197,1418562.313621601,10.00563742015651,1.0726093133481458,nan,1.0,303.0
228.9451159250642,56.85534770678382,13102.942417928878,,,False,,nan,inverse_logistic_from_flux_numeric,13447.628069738197,1418562.313621601,10.00563742015651,1.0726093133481458,nan,1.0,303.0
229.26828748842573,56.63904779287742,12316.082083510142,,,False,,nan,inverse_logistic_from_flux_numeric,13447.628069738197,1418562.313621601,10.00563742015651,1.0726093133481458,nan,1.0,303.0
229.66122673593475,56.37059699590053,12025.443106517563,,,False,,nan,inverse_logistic_from_flux_numeric,13447.628069738197,1418562.313621601,10.00563742015651,1.0726093133481458,nan,1.0,303.0
229.54371123685405,56.451901204809275,12331.729314132725,,,False,,nan,inverse_logistic_from_flux_numeric,13447.628069738197,1418562.313621601,10.00563742015651,1.0726093133481458,nan,1.0,303.0
228.84454012310462,56.92867579292066,11909.232164191997,,,False,,nan,inverse_logistic_from_flux_numeric,13447.628069738197,1418562.313621601,10.00563742015651,1.0726093133481458,nan,1.0,303.0
229.88793436373126,56.219352710655436,13637.667764035412,,,False,,18.31086202329643,inverse_logistic_from_flux_numeric,13447.628069738197,1418562.313621601,10.00563742015651,1.0726093133481458,nan,1.0,303.0
230.05864625039766,56.10023938851098,12857.236846279018,,,False,,nan,inverse_logistic_from_flux_numeric,13447.628069738197,1418562.313621601,10.00563742015651,1.0726093133481458,nan,1.0,303.0
229.68628375229355,56.360854564598625,13272.744070473787,,,False,,nan,inverse_logistic_from_flux_numeric,13447.628069738197,1418562.313621601,10.00563742015651,1.0726093133481458,nan,1.0,303.0
229.60419615250703,56.41939282199805,13924.987604854274,,,False,,17.451983119131604,inverse_logistic_from_flux_numeric,13447.628069738197,1418562.313621601,10.00563742015651,1.0726093133481458,nan,1.0,303.0
229.10491249508456,56.76049341009476,15014.71993010896,,,False,,16.343021067575577,inverse_logistic_from_flux_numeric,13447.628069738197,1418562.313621601,10.00563742015651,1.0726093133481458,nan,1.0,303.0
228.97277367374033,56.85105219555635,14702.491274056123,16.34,0.896,False,,16.550382169720933,inverse_logistic_from_flux_numeric,13447.628069738197,1418562.313621601,10.00563742015651,1.0726093133481458,nan,1.0,303.0
229.07095581904747,56.785936846029884,12108.498078086754,,,False,,nan,inverse_logistic_from_flux_numeric,13447.628069738197,1418562.313621601,10.00563742015651,1.0726093133481458,nan,1.0,303.0
229.9633160426317,56.174587259990766,14009.21870243246,,,False,,17.300424494978834,inverse_logistic_from_flux_numeric,13447.628069738197,1418562.313621601,10.00563742015651,1.0726093133481458,nan,1.0,303.0
229.19871323791867,56.701147554069365,59700.11635174923,13.2,0.635,False,,13.157099656820414,inverse_logistic_from_flux_numeric,13447.628069738197,1418562.313621601,10.00563742015651,1.0726093133481458,nan,1.0,303.0
229.57029747827093,56.4482515588144,12490.22519460814,,,False,,nan,inverse_logistic_from_flux_numeric,13447.628069738197,1418562.313621601,10.00563742015651,1.0726093133481458,nan,1.0,303.0
228.90913317033778,56.8959855059385,222718.8120856539,,,False,,11.630624366124913,inverse_logistic_from_flux_numeric,13447.628069738197,1418562.313621601,10.00563742015651,1.0726093133481458,nan,1.0,303.0
229.93340807967985,56.19645144246834,12811.793155245237,,,False,,nan,inverse_logistic_from_flux_numeric,13447.628069738197,1418562.313621601,10.00563742015651,1.0726093133481458,nan,1.0,303.0
229.95720517062415,56.17971212420763,18137.02380200634,15.898,1.243,False,,15.319060904892964,inverse_logistic_from_flux_numeric,13447.628069738197,1418562.313621601,10.00563742015651,1.0726093133481458,nan,1.0,303.0
229.08122999332642,56.782290022089974,20089.329528915576,,,True,Gaia DR3 1600997785989169664,14.99325775273256,inverse_logistic_from_flux_numeric,13447.628069738197,1418562.313621601,10.00563742015651,1.0726093133481458,nan,1.0,303.0
229.49213471730886,56.50532671585096,11899.106049944294,,,False,,nan,inverse_logistic_from_flux_numeric,13447.628069738197,1418562.313621601,10.00563742015651,1.0726093133481458,nan,1.0,303.0
229.5044728331331,56.49681935410432,13207.920795743152,,,False,,nan,inverse_logistic_from_flux_numeric,13447.628069738197,1418562.313621601,10.00563742015651,1.0726093133481458,nan,1.0,303.0
229.63054111379958,56.41003368202522,15849.464714772566,,,False,,15.944360492097044,inverse_logistic_from_flux_numeric,13447.628069738197,1418562.313621601,10.00563742015651,1.0726093133481458,nan,1.0,303.0
229.66742589145696,56.38575306537008,16505.465740579395,15.903,0.526,False,,15.718796457243265,inverse_logistic_from_flux_numeric,13447.628069738197,1418562.313621601,10.00563742015651,1.0726093133481458,nan,1.0,303.0
229.26276972245532,56.663851600323,12376.28800058115,,,False,,nan,inverse_logistic_from_flux_numeric,13447.628069738197,1418562.313621601,10.00563742015651,1.0726093133481458,nan,1.0,303.0
229.5712248439845,56.45256603650361,15308.792091979465,,,False,,16.18248724844954,inverse_logistic_from_flux_numeric,13447.628069738197,1418562.313621601,10.00563742015651,1.0726093133481458,nan,1.0,303.0
230.07080848525214,56.10527128761391,11816.758191337933,,,False,,nan,inverse_logistic_from_flux_numeric,13447.628069738197,1418562.313621601,10.00563742015651,1.0726093133481458,nan,1.0,303.0
229.52366389849664,56.48805770094682,12473.025366294383,,,False,,nan,inverse_logistic_from_flux_numeric,13447.628069738197,1418562.313621601,10.00563742015651,1.0726093133481458,nan,1.0,303.0
229.96804593716584,56.18022095908805,11887.709682918787,,,False,,nan,inverse_logistic_from_flux_numeric,13447.628069738197,1418562.313621601,10.00563742015651,1.0726093133481458,nan,1.0,303.0
230.04556120361192,56.124550878919365,59731.42226261853,,,False,,13.156447361740419,inverse_logistic_from_flux_numeric,13447.628069738197,1418562.313621601,10.00563742015651,1.0726093133481458,nan,1.0,303.0
229.7683567133799,56.31992747822612,15057.21476471707,,,False,,16.31804820164743,inverse_logistic_from_flux_numeric,13447.628069738197,1418562.313621601,10.00563742015651,1.0726093133481458,nan,1.0,303.0
229.03400170398928,56.82273717492299,12534.791254251184,,,False,,nan,inverse_logistic_from_flux_numeric,13447.628069738197,1418562.313621601,10.00563742015651,1.0726093133481458,nan,1.0,303.0
229.9303267521762,56.20861289444842,12421.02054061772,,,False,,nan,inverse_logistic_from_flux_numeric,13447.628069738197,1418562.313621601,10.00563742015651,1.0726093133481458,nan,1.0,303.0
229.88854487243105,56.23777234619725,14848.247094224233,,,False,,16.44783638513821,inverse_logistic_from_flux_numeric,13447.628069738197,1418562.313621601,10.00563742015651,1.0726093133481458,nan,1.0,303.0
229.99063454644596,56.16770064802889,13641.598674605086,,,False,,18.291771701886454,inverse_logistic_from_flux_numeric,13447.628069738197,1418562.313621601,10.00563742015651,1.0726093133481458,nan,1.0,303.0
230.02649131169858,56.143236003178345,14440.63810495861,,,False,,16.768753927774803,inverse_logistic_from_flux_numeric,13447.628069738197,1418562.313621601,10.00563742015651,1.0726093133481458,nan,1.0,303.0
229.2155315471511,56.70293103917424,17492.202302206595,15.566,0.554,False,,15.457403714598598,inverse_logistic_from_flux_numeric,13447.628069738197,1418562.313621601,10.00563742015651,1.0726093133481458,nan,1.0,303.0
229.79621653114162,56.30598621465981,11790.609564636226,,,False,,nan,inverse_logistic_from_flux_numeric,13447.628069738197,1418562.313621601,10.00563742015651,1.0726093133481458,nan,1.0,303.0
229.3964258915119,56.58088679398381,17580.839284453898,15.922,1.221,False,,15.437133876413597,inverse_logistic_from_flux_numeric,13447.628069738197,1418562.313621601,10.00563742015651,1.0726093133481458,nan,1.0,303.0
229.79539166982406,56.30722405618756,12245.059653226112,,,False,,nan,inverse_logistic_from_flux_numeric,13447.628069738197,1418562.313621601,10.00563742015651,1.0726093133481458,nan,1.0,303.0
230.07744007447172,56.109300317203385,14434.188669221381,,,False,,16.774833131762776,inverse_logistic_from_flux_numeric,13447.628069738197,1418562.313621601,10.00563742015651,1.0726093133481458,nan,1.0,303.0
229.83907874713643,56.27645235694695,15068.162092966524,,,False,,16.311721476732444,inverse_logistic_from_flux_numeric,13447.628069738197,1418562.313621601,10.00563742015651,1.0726093133481458,nan,1.0,303.0
229.57711806794424,56.45871559321854,11896.272127273302,,,False,,nan,inverse_logistic_from_flux_numeric,13447.628069738197,1418562.313621601,10.00563742015651,1.0726093133481458,nan,1.0,303.0
229.72778881790927,56.35535711026493,12234.777825558103,,,False,,nan,inverse_logistic_from_flux_numeric,13447.628069738197,1418562.313621601,10.00563742015651,1.0726093133481458,nan,1.0,303.0
230.00944582389303,56.158948891631084,82577.75818614701,12.831,0.304,False,,12.766599016069357,inverse_logistic_from_flux_numeric,13447.628069738197,1418562.313621601,10.00563742015651,1.0726093133481458,nan,1.0,303.0
229.4365994658135,56.557398046073736,11828.983378470275,,,False,,nan,inverse_logistic_from_flux_numeric,13447.628069738197,1418562.313621601,10.00563742015651,1.0726093133481458,nan,1.0,303.0
229.4339104586251,56.56071477671952,12182.988033228496,,,False,,nan,inverse_logistic_from_flux_numeric,13447.628069738197,1418562.313621601,10.00563742015651,1.0726093133481458,nan,1.0,303.0
229.29848233231047,56.653388914692755,11943.548067475385,,,False,,nan,inverse_logistic_from_flux_numeric,13447.628069738197,1418562.313621601,10.00563742015651,1.0726093133481458,nan,1.0,303.0
229.43554885243657,56.55995494899869,12244.260852436188,,,False,,nan,inverse_logistic_from_flux_numeric,13447.628069738197,1418562.313621601,10.00563742015651,1.0726093133481458,nan,1.0,303.0
229.81272772300633,56.300135141484105,17908.936917853767,15.547,0.547,False,,15.36569895062204,inverse_logistic_from_flux_numeric,13447.628069738197,1418562.313621601,10.00563742015651,1.0726093133481458,nan,1.0,303.0
229.00069220713772,56.855091830530796,36332.16312606467,14.028,0.94,False,,13.829016647262094,inverse_logistic_from_flux_numeric,13447.628069738197,1418562.313621601,10.00563742015651,1.0726093133481458,nan,1.0,303.0
229.62083298656637,56.433591776730026,151626.61869351967,12.032,0.397,False,,12.071446955288344,inverse_logistic_from_flux_numeric,13447.628069738197,1418562.313621601,10.00563742015651,1.0726093133481458,nan,1.0,303.0
229.0828277631832,56.80134223693686,12017.506822759706,,,False,,nan,inverse_logistic_from_flux_numeric,13447.628069738197,1418562.313621601,10.00563742015651,1.0726093133481458,nan,1.0,303.0
229.51342685451095,56.5085661239547,14474.758884679359,,,False,,16.73723442857446,inverse_logistic_from_flux_numeric,13447.628069738197,1418562.313621601,10.00563742015651,1.0726093133481458,nan,1.0,303.0
229.08165982042127,56.80260467971435,12475.61700889235,,,False,,nan,inverse_logistic_from_flux_numeric,13447.628069738197,1418562.313621601,10.00563742015651,1.0726093133481458,nan,1.0,303.0
229.45414732298832,56.55038891505036,12220.94562981423,,,False,,nan,inverse_logistic_from_flux_numeric,13447.628069738197,1418562.313621601,10.00563742015651,1.0726093133481458,nan,1.0,303.0
229.586626999894,56.458287511616,20206.733847221116,15.221,0.521,False,,14.976843220010583,inverse_logistic_from_flux_numeric,13447.628069738197,1418562.313621601,10.00563742015651,1.0726093133481458,nan,1.0,303.0
229.07989786463787,56.80456866346497,12416.691155046226,,,False,,nan,inverse_logistic_from_flux_numeric,13447.628069738197,1418562.313621601,10.00563742015651,1.0726093133481458,nan,1.0,303.0
229.0819300242766,56.80383603216619,11972.24747947581,,,False,,nan,inverse_logistic_from_flux_numeric,13447.628069738197,1418562.313621601,10.00563742015651,1.0726093133481458,nan,1.0,303.0
229.72311331611039,56.366274591157996,11841.175357221733,,,False,,nan,inverse_logistic_from_flux_numeric,13447.628069738197,1418562.313621601,10.00563742015651,1.0726093133481458,nan,1.0,303.0
230.06634559007833,56.12607508082121,11929.512794669032,,,False,,nan,inverse_logistic_from_flux_numeric,13447.628069738197,1418562.313621601,10.00563742015651,1.0726093133481458,nan,1.0,303.0
229.45640792190054,56.55029738909743,11839.53117135624,,,False,,nan,inverse_logistic_from_flux_numeric,13447.628069738197,1418562.313621601,10.00563742015651,1.0726093133481458,nan,1.0,303.0
229.89471465321267,56.247421087177386,14595.45549540326,,,False,,16.633573547497306,inverse_logistic_from_flux_numeric,13447.628069738197,1418562.313621601,10.00563742015651,1.0726093133481458,nan,1.0,303.0
229.62525606764447,56.436136029412616,13301.377754908495,,,False,,nan,inverse_logistic_from_flux_numeric,13447.628069738197,1418562.313621601,10.00563742015651,1.0726093133481458,nan,1.0,303.0
229.03844912356627,56.83637783818788,12161.36131004638,,,False,,nan,inverse_logistic_from_flux_numeric,13447.628069738197,1418562.313621601,10.00563742015651,1.0726093133481458,nan,1.0,303.0
229.71734674031927,56.3756120924964,11842.497129182286,,,False,,nan,inverse_logistic_from_flux_numeric,13447.628069738197,1418562.313621601,10.00563742015651,1.0726093133481458,nan,1.0,303.0
229.71650512950313,56.37679265933033,12294.805867003597,,,False,,nan,inverse_logistic_from_flux_numeric,13447.628069738197,1418562.313621601,10.00563742015651,1.0726093133481458,nan,1.0,303.0
229.85868545269616,56.278503379121126,11851.828765909106,,,False,,nan,inverse_logistic_from_flux_numeric,13447.628069738197,1418562.313621601,10.00563742015651,1.0726093133481458,nan,1.0,303.0
230.09147596621287,56.11474001797879,12761.715630084107,,,False,,nan,inverse_logistic_from_flux_numeric,13447.628069738197,1418562.313621601,10.00563742015651,1.0726093133481458,nan,1.0,303.0
228.9956230117379,56.86884955827936,14472.662713829804,,,False,,16.739140416501364,inverse_logistic_from_flux_numeric,13447.628069738197,1418562.313621601,10.00563742015651,1.0726093133481458,nan,1.0,303.0
229.08961070547696,56.80922480815737,12028.528175182839,,,False,,nan,inverse_logistic_from_flux_numeric,13447.628069738197,1418562.313621601,10.00563742015651,1.0726093133481458,nan,1.0,303.0
228.93344247069263,56.91411945929388,12222.383526753674,,,False,,nan,inverse_logistic_from_flux_numeric,13447.628069738197,1418562.313621601,10.00563742015651,1.0726093133481458,nan,1.0,303.0
228.86991502213448,56.95613933433162,14012.071470469864,,,False,,17.29569866212894,inverse_logistic_from_flux_numeric,13447.628069738197,1418562.313621601,10.00563742015651,1.0726093133481458,nan,1.0,303.0
229.08858329999413,56.81048972170774,12370.156153133223,,,False,,nan,inverse_logistic_from_flux_numeric,13447.628069738197,1418562.313621601,10.00563742015651,1.0726093133481458,nan,1.0,303.0
228.9094448215115,56.93099849928709,13154.730704787897,,,False,,nan,inverse_logistic_from_flux_numeric,13447.628069738197,1418562.313621601,10.00563742015651,1.0726093133481458,nan,1.0,303.0
229.08660388950503,56.8125025903824,12385.013038334542,,,False,,nan,inverse_logistic_from_flux_numeric,13447.628069738197,1418562.313621601,10.00563742015651,1.0726093133481458,nan,1.0,303.0
229.2330967093364,56.71397329987524,12157.630154619235,,,False,,nan,inverse_logistic_from_flux_numeric,13447.628069738197,1418562.313621601,10.00563742015651,1.0726093133481458,nan,1.0,303.0
229.3834268187279,56.612143952236586,12431.638522193378,,,False,,nan,inverse_logistic_from_flux_numeric,13447.628069738197,1418562.313621601,10.00563742015651,1.0726093133481458,nan,1.0,303.0
229.74916364002155,56.35970226214476,19044.180251472197,15.345,0.396,False,,15.153581290205754,inverse_logistic_from_flux_numeric,13447.628069738197,1418562.313621601,10.00563742015651,1.0726093133481458,nan,1.0,303.0
229.96072749187104,56.21301376799807,12843.330789052154,,,False,,nan,inverse_logistic_from_flux_numeric,13447.628069738197,1418562.313621601,10.00563742015651,1.0726093133481458,nan,1.0,303.0
228.90576638737133,56.93369983686988,16527.783533216312,,,False,,15.712001843268723,inverse_logistic_from_flux_numeric,13447.628069738197,1418562.313621601,10.00563742015651,1.0726093133481458,nan,1.0,303.0
229.04019681550432,56.84405554434531,14003.978643832568,,,False,,17.309167920046747,inverse_logistic_from_flux_numeric,13447.628069738197,1418562.313621601,10.00563742015651,1.0726093133481458,nan,1.0,303.0
230.0321702956596,56.162686741572486,57808.42200093012,,,False,,13.197328984677434,inverse_logistic_from_flux_numeric,13447.628069738197,1418562.313621601,10.00563742015651,1.0726093133481458,nan,1.0,303.0
230.0986252298036,56.11753686161384,11829.757003815843,,,False,,nan,inverse_logistic_from_flux_numeric,13447.628069738197,1418562.313621601,10.00563742015651,1.0726093133481458,nan,1.0,303.0
229.4976167095924,56.53490657234841,15163.691418470824,,,False,,16.258258165385207,inverse_logistic_from_flux_numeric,13447.628069738197,1418562.313621601,10.00563742015651,1.0726093133481458,nan,1.0,303.0
229.75780277845925,56.35632708827957,11837.001127136333,,,False,,nan,inverse_logistic_from_flux_numeric,13447.628069738197,1418562.313621601,10.00563742015651,1.0726093133481458,nan,1.0,303.0
229.67722679822842,56.41268409738504,14212.677211907956,,,False,,17.012051310033108,inverse_logistic_from_flux_numeric,13447.628069738197,1418562.313621601,10.00563742015651,1.0726093133481458,nan,1.0,303.0
229.89264856554163,56.26399654943617,11863.694223644106,,,False,,nan,inverse_logistic_from_flux_numeric,13447.628069738197,1418562.313621601,10.00563742015651,1.0726093133481458,nan,1.0,303.0
229.45088756628422,56.568909878133354,14944.412660884007,,,False,,16.3858628299823,inverse_logistic_from_flux_numeric,13447.628069738197,1418562.313621601,10.00563742015651,1.0726093133481458,nan,1.0,303.0
229.83393559698166,56.30425818274389,21995.484598695348,15.046,0.456,False,,14.756753807384964,inverse_logistic_from_flux_numeric,13447.628069738197,1418562.313621601,10.00563742015651,1.0726093133481458,nan,1.0,303.0
230.09978719941293,56.11838593578324,12760.58997373639,,,False,,nan,inverse_logistic_from_flux_numeric,13447.628069738197,1418562.313621601,10.00563742015651,1.0726093133481458,nan,1.0,303.0
229.30347847085125,56.67086889987707,13029.90106037934,,,False,,nan,inverse_logistic_from_flux_numeric,13447.628069738197,1418562.313621601,10.00563742015651,1.0726093133481458,nan,1.0,303.0
229.6129327913936,56.459932030619555,11891.134476315061,,,False,,nan,inverse_logistic_from_flux_numeric,13447.628069738197,1418562.313621601,10.00563742015651,1.0726093133481458,nan,1.0,303.0
228.9960155163762,56.87888510457582,186210.68650993987,11.727,0.627,False,,11.837393343955465,inverse_logistic_from_flux_numeric,13447.628069738197,1418562.313621601,10.00563742015651,1.0726093133481458,nan,1.0,303.0
229.0065737812419,56.87374425003312,16406.315874932552,,,False,,15.749593203265665,inverse_logistic_from_flux_numeric,13447.628069738197,1418562.313621601,10.00563742015651,1.0726093133481458,nan,1.0,303.0
229.00576839491546,56.87712501074622,12062.43840932989,,,False,,nan,inverse_logistic_from_flux_numeric,13447.628069738197,1418562.313621601,10.00563742015651,1.0726093133481458,nan,1.0,303.0
229.79187645410155,56.34034587206552,14617.150030946063,nan,nan,False,,16.616102529083037,inverse_logistic_from_flux_numeric,13447.628069738197,1418562.313621601,10.00563742015651,1.0726093133481458,nan,1.0,303.0
228.87124370622175,56.96848713345587,16880.0764835102,,,False,,15.610804639585943,inverse_logistic_from_flux_numeric,13447.628069738197,1418562.313621601,10.00563742015651,1.0726093133481458,nan,1.0,303.0
229.4248448664271,56.59653663661678,11903.233611787087,,,False,,nan,inverse_logistic_from_flux_numeric,13447.628069738197,1418562.313621601,10.00563742015651,1.0726093133481458,nan,1.0,303.0
228.99905254968482,56.88398346378029,19350.500230299676,,,False,,15.103696200036413,inverse_logistic_from_flux_numeric,13447.628069738197,1418562.313621601,10.00563742015651,1.0726093133481458,nan,1.0,303.0
229.64935069815604,56.444317596172915,11916.223940311393,,,False,,nan,inverse_logistic_from_flux_numeric,13447.628069738197,1418562.313621601,10.00563742015651,1.0726093133481458,nan,1.0,303.0
229.06924705460736,56.839857893425894,12113.397093888625,,,False,,nan,inverse_logistic_from_flux_numeric,13447.628069738197,1418562.313621601,10.00563742015651,1.0726093133481458,nan,1.0,303.0
229.75489454452764,56.37095656743257,24938.48134390176,14.674,0.322,False,,14.478944985214515,inverse_logistic_from_flux_numeric,13447.628069738197,1418562.313621601,10.00563742015651,1.0726093133481458,nan,1.0,303.0
229.4939006870926,56.55196155034078,11910.267045551196,,,False,,nan,inverse_logistic_from_flux_numeric,13447.628069738197,1418562.313621601,10.00563742015651,1.0726093133481458,nan,1.0,303.0
229.44151322190478,56.588946742424895,11929.388841852577,,,False,,nan,inverse_logistic_from_flux_numeric,13447.628069738197,1418562.313621601,10.00563742015651,1.0726093133481458,nan,1.0,303.0
229.81153068406346,56.333734974136576,14047.915639717241,,,False,,17.238273997667726,inverse_logistic_from_flux_numeric,13447.628069738197,1418562.313621601,10.00563742015651,1.0726093133481458,nan,1.0,303.0
229.73740880588895,56.386800172350405,561532.2459455823,10.471,0.335,False,,10.422418544478305,inverse_logistic_from_flux_numeric,13447.628069738197,1418562.313621601,10.00563742015651,1.0726093133481458,nan,1.0,303.0
229.10955246432738,56.81621649107029,13486.515645582138,,,False,,19.790119863916033,inverse_logistic_from_flux_numeric,13447.628069738197,1418562.313621601,10.00563742015651,1.0726093133481458,nan,1.0,303.0
229.62332144691047,56.467599238510864,11943.426665813238,,,False,,nan,inverse_logistic_from_flux_numeric,13447.628069738197,1418562.313621601,10.00563742015651,1.0726093133481458,nan,1.0,303.0
229.7241431173949,56.39767815524637,12517.794036415671,,,False,,nan,inverse_logistic_from_flux_numeric,13447.628069738197,1418562.313621601,10.00563742015651,1.0726093133481458,nan,1.0,303.0
229.6157371867754,56.47446528762695,13457.738891425268,,,False,,21.046018886743738,inverse_logistic_from_flux_numeric,13447.628069738197,1418562.313621601,10.00563742015651,1.0726093133481458,nan,1.0,303.0
230.11614559902807,56.125553122462826,12715.001419030272,,,False,,nan,inverse_logistic_from_flux_numeric,13447.628069738197,1418562.313621601,10.00563742015651,1.0726093133481458,nan,1.0,303.0
229.9226758931634,56.26289156190711,12680.18635439001,,,False,,nan,inverse_logistic_from_flux_numeric,13447.628069738197,1418562.313621601,10.00563742015651,1.0726093133481458,nan,1.0,303.0
230.11809859001272,56.126441690832536,12804.194577682689,,,False,,nan,inverse_logistic_from_flux_numeric,13447.628069738197,1418562.313621601,10.00563742015651,1.0726093133481458,nan,1.0,303.0
229.38426567878,56.63766386777084,12454.378830831658,,,False,,nan,inverse_logistic_from_flux_numeric,13447.628069738197,1418562.313621601,10.00563742015651,1.0726093133481458,nan,1.0,303.0
229.88677116842914,56.29182392697691,11882.831182959457,,,False,,nan,inverse_logistic_from_flux_numeric,13447.628069738197,1418562.313621601,10.00563742015651,1.0726093133481458,nan,1.0,303.0
229.31080460452776,56.68837228255522,12809.22921693575,,,False,,nan,inverse_logistic_from_flux_numeric,13447.628069738197,1418562.313621601,10.00563742015651,1.0726093133481458,nan,1.0,303.0
229.6684968655794,56.444445995471725,12565.727326182496,,,False,,nan,inverse_logistic_from_flux_numeric,13447.628069738197,1418562.313621601,10.00563742015651,1.0726093133481458,nan,1.0,303.0
229.8030485566483,56.35077861970576,14660.491931982666,,,False,,16.58214778175929,inverse_logistic_from_flux_numeric,13447.628069738197,1418562.313621601,10.00563742015651,1.0726093133481458,nan,1.0,303.0
230.03167118330722,56.192871349427996,12470.718855563617,,,False,,nan,inverse_logistic_from_flux_numeric,13447.628069738197,1418562.313621601,10.00563742015651,1.0726093133481458,nan,1.0,303.0
230.05308197114329,56.17731955285906,19163.350027174874,,,False,,15.133858317759568,inverse_logistic_from_flux_numeric,13447.628069738197,1418562.313621601,10.00563742015651,1.0726093133481458,nan,1.0,303.0
229.18729558537294,56.775224007950115,43364.125347203386,13.779,0.954,False,,13.574451351150834,inverse_logistic_from_flux_numeric,13447.628069738197,1418562.313621601,10.00563742015651,1.0726093133481458,nan,1.0,303.0
229.3466540162644,56.66837629453519,11987.601954719043,,,False,,nan,inverse_logistic_from_flux_numeric,13447.628069738197,1418562.313621601,10.00563742015651,1.0726093133481458,nan,1.0,303.0
229.58153932448343,56.508932560366055,12062.221029279499,,,False,,nan,inverse_logistic_from_flux_numeric,13447.628069738197,1418562.313621601,10.00563742015651,1.0726093133481458,nan,1.0,303.0
229.35534842392087,56.66364128082289,13827.251537916693,15.494,0.369,False,,17.665630005102024,inverse_logistic_from_flux_numeric,13447.628069738197,1418562.313621601,10.00563742015651,1.0726093133481458,nan,1.0,303.0
229.40585048012727,56.62866532427354,16446.783209142413,15.853,0.36,False,,15.736901136491849,inverse_logistic_from_flux_numeric,13447.628069738197,1418562.313621601,10.00563742015651,1.0726093133481458,nan,1.0,303.0
229.53513458768006,56.54234379372574,12522.502247885692,,,False,,nan,inverse_logistic_from_flux_numeric,13447.628069738197,1418562.313621601,10.00563742015651,1.0726093133481458,nan,1.0,303.0
229.67305175415694,56.449101914845514,12375.36907583696,,,False,,nan,inverse_logistic_from_flux_numeric,13447.628069738197,1418562.313621601,10.00563742015651,1.0726093133481458,nan,1.0,303.0
229.69557318029192,56.43423537236437,24571.990104551416,14.512,0.471,False,,14.50940977084727,inverse_logistic_from_flux_numeric,13447.628069738197,1418562.313621601,10.00563742015651,1.0726093133481458,nan,1.0,303.0
229.39712799832702,56.640837116508614,11915.111840891712,,,False,,nan,inverse_logistic_from_flux_numeric,13447.628069738197,1418562.313621601,10.00563742015651,1.0726093133481458,nan,1.0,303.0
229.55363607038558,56.533657477724944,26071.549294928976,14.628,0.588,False,,14.390510604463351,inverse_logistic_from_flux_numeric,13447.628069738197,1418562.313621601,10.00563742015651,1.0726093133481458,nan,1.0,303.0
229.73372401383432,56.41099984397218,12397.775886146956,,,False,,nan,inverse_logistic_from_flux_numeric,13447.628069738197,1418562.313621601,10.00563742015651,1.0726093133481458,nan,1.0,303.0
229.7408895248433,56.40613024867111,11902.4826767007,,,False,,nan,inverse_logistic_from_flux_numeric,13447.628069738197,1418562.313621601,10.00563742015651,1.0726093133481458,nan,1.0,303.0
229.73985381611183,56.40738132598156,12530.79319797819,,,False,,nan,inverse_logistic_from_flux_numeric,13447.628069738197,1418562.313621601,10.00563742015651,1.0726093133481458,nan,1.0,303.0
229.90946869047508,56.28933237309903,12724.70150893465,,,False,,nan,inverse_logistic_from_flux_numeric,13447.628069738197,1418562.313621601,10.00563742015651,1.0726093133481458,nan,1.0,303.0
230.11371072981171,56.14565595664547,51157.582403306034,,,False,,13.353310911817804,inverse_logistic_from_flux_numeric,13447.628069738197,1418562.313621601,10.00563742015651,1.0726093133481458,nan,1.0,303.0
228.9782120060559,56.926367343977276,12287.724014530671,,,False,,nan,inverse_logistic_from_flux_numeric,13447.628069738197,1418562.313621601,10.00563742015651,1.0726093133481458,nan,1.0,303.0
229.3163173040204,56.698704565715914,12350.195913526612,,,False,,nan,inverse_logistic_from_flux_numeric,13447.628069738197,1418562.313621601,10.00563742015651,1.0726093133481458,nan,1.0,303.0
229.73795672057315,56.409310733020874,12358.47480699238,,,False,,nan,inverse_logistic_from_flux_numeric,13447.628069738197,1418562.313621601,10.00563742015651,1.0726093133481458,nan,1.0,303.0
229.33121923859474,56.68906681592337,12102.395292530715,,,False,,nan,inverse_logistic_from_flux_numeric,13447.628069738197,1418562.313621601,10.00563742015651,1.0726093133481458,nan,1.0,303.0
229.74013767665306,56.40854166783407,12020.471944645753,,,False,,nan,inverse_logistic_from_flux_numeric,13447.628069738197,1418562.313621601,10.00563742015651,1.0726093133481458,nan,1.0,303.0
229.28270786819692,56.72213183235331,12472.022730288016,,,False,,nan,inverse_logistic_from_flux_numeric,13447.628069738197,1418562.313621601,10.00563742015651,1.0726093133481458,nan,1.0,303.0
229.49471360561162,56.577983344017895,11904.620459250013,,,False,,nan,inverse_logistic_from_flux_numeric,13447.628069738197,1418562.313621601,10.00563742015651,1.0726093133481458,nan,1.0,303.0
229.4726425959909,56.593478249885344,12121.325130654073,,,False,,nan,inverse_logistic_from_flux_numeric,13447.628069738197,1418562.313621601,10.00563742015651,1.0726093133481458,nan,1.0,303.0
229.61843625936498,56.49380257476162,11995.716003304125,,,False,,nan,inverse_logistic_from_flux_numeric,13447.628069738197,1418562.313621601,10.00563742015651,1.0726093133481458,nan,1.0,303.0
229.1469100966733,56.815572941379855,12139.530771396048,,,False,,nan,inverse_logistic_from_flux_numeric,13447.628069738197,1418562.313621601,10.00563742015651,1.0726093133481458,nan,1.0,303.0
229.1539496401343,56.810652537824346,12963.636147378924,,,False,,nan,inverse_logistic_from_flux_numeric,13447.628069738197,1418562.313621601,10.00563742015651,1.0726093133481458,nan,1.0,303.0
229.2653250952866,56.7351015468465,17870.34666306981,15.655,0.851,False,,15.373824150008218,inverse_logistic_from_flux_numeric,13447.628069738197,1418562.313621601,10.00563742015651,1.0726093133481458,nan,1.0,303.0
229.05617729367137,56.878383365385766,12092.150556915934,,,False,,nan,inverse_logistic_from_flux_numeric,13447.628069738197,1418562.313621601,10.00563742015651,1.0726093133481458,nan,1.0,303.0
229.36120170109945,56.67325045137137,11928.723331990685,,,False,,nan,inverse_logistic_from_flux_numeric,13447.628069738197,1418562.313621601,10.00563742015651,1.0726093133481458,nan,1.0,303.0
230.04363755474938,56.201434476903785,14359.089284394191,,,False,,16.848698976992154,inverse_logistic_from_flux_numeric,13447.628069738197,1418562.313621601,10.00563742015651,1.0726093133481458,nan,1.0,303.0
229.33871725678299,56.688526330374415,19277.47782033207,15.243,0.572,False,,15.11535002198293,inverse_logistic_from_flux_numeric,13447.628069738197,1418562.313621601,10.00563742015651,1.0726093133481458,nan,1.0,303.0
229.8697617059219,56.32398361639553,13578.682540905656,,,False,,18.65736461244046,inverse_logistic_from_flux_numeric,13447.628069738197,1418562.313621601,10.00563742015651,1.0726093133481458,nan,1.0,303.0
230.01036842291734,56.2248766799409,22522.082282995656,,,False,,14.700666451412417,inverse_logistic_from_flux_numeric,13447.628069738197,1418562.313621601,10.00563742015651,1.0726093133481458,nan,1.0,303.0
229.26577769870764,56.7398917136525,11954.284606092595,,,False,,nan,inverse_logistic_from_flux_numeric,13447.628069738197,1418562.313621601,10.00563742015651,1.0726093133481458,nan,1.0,303.0
229.27194111018204,56.73518989116685,13100.92380684695,,,False,,nan,inverse_logistic_from_flux_numeric,13447.628069738197,1418562.313621601,10.00563742015651,1.0726093133481458,nan,1.0,303.0
229.59976714449482,56.51237999246375,11904.686119577302,,,False,,nan,inverse_logistic_from_flux_numeric,13447.628069738197,1418562.313621601,10.00563742015651,1.0726093133481458,nan,1.0,303.0
229.2721371798536,56.73632855345934,11888.126580936945,,,False,,nan,inverse_logistic_from_flux_numeric,13447.628069738197,1418562.313621601,10.00563742015651,1.0726093133481458,nan,1.0,303.0
229.26865916245433,56.73944881463299,12019.232013085064,,,False,,nan,inverse_logistic_from_flux_numeric,13447.628069738197,1418562.313621601,10.00563742015651,1.0726093133481458,nan,1.0,303.0
229.27035928884143,56.738290968506476,11958.1162359127,,,False,,nan,inverse_logistic_from_flux_numeric,13447.628069738197,1418562.313621601,10.00563742015651,1.0726093133481458,nan,1.0,303.0
229.86495586266108,56.329966458002055,11866.198130737386,,,False,,nan,inverse_logistic_from_flux_numeric,13447.628069738197,1418562.313621601,10.00563742015651,1.0726093133481458,nan,1.0,303.0
229.2458386974741,56.75454619522602,15425.653990143275,,,False,,16.125634758889298,inverse_logistic_from_flux_numeric,13447.628069738197,1418562.313621601,10.00563742015651,1.0726093133481458,nan,1.0,303.0
229.2720721877944,56.73752338914142,11912.906648999751,,,False,,nan,inverse_logistic_from_flux_numeric,13447.628069738197,1418562.313621601,10.00563742015651,1.0726093133481458,nan,1.0,303.0
229.29581239637926,56.7223510143233,15441.209440920265,16.41,0.799,False,,16.118321328031186,inverse_logistic_from_flux_numeric,13447.628069738197,1418562.313621601,10.00563742015651,1.0726093133481458,nan,1.0,303.0
229.34658620740478,56.69098462399345,12442.251873788262,,,False,,nan,inverse_logistic_from_flux_numeric,13447.628069738197,1418562.313621601,10.00563742015651,1.0726093133481458,nan,1.0,303.0
229.35387489794346,56.686155856022495,12197.32834073574,,,False,,nan,inverse_logistic_from_flux_numeric,13447.628069738197,1418562.313621601,10.00563742015651,1.0726093133481458,nan,1.0,303.0
229.35301445385198,56.6873126796141,12471.735461701406,,,False,,nan,inverse_logistic_from_flux_numeric,13447.628069738197,1418562.313621601,10.00563742015651,1.0726093133481458,nan,1.0,303.0
229.35163867564842,56.689212035480004,11887.34424245379,,,False,,nan,inverse_logistic_from_flux_numeric,13447.628069738197,1418562.313621601,10.00563742015651,1.0726093133481458,nan,1.0,303.0
229.35313817580865,56.68859003713692,12035.862590961215,,,False,,nan,inverse_logistic_from_flux_numeric,13447.628069738197,1418562.313621601,10.00563742015651,1.0726093133481458,nan,1.0,303.0
229.7547577052995,56.412856720030796,14584.800536867986,,,False,,16.642275374119862,inverse_logistic_from_flux_numeric,13447.628069738197,1418562.313621601,10.00563742015651,1.0726093133481458,nan,1.0,303.0
229.20796295982655,56.786845443445365,20566.8268562781,15.087,0.6,False,,14.92821215414283,inverse_logistic_from_flux_numeric,13447.628069738197,1418562.313621601,10.00563742015651,1.0726093133481458,nan,1.0,303.0
229.81871147547977,56.36910760051362,13910.597134627265,,,False,,17.480530285865946,inverse_logistic_from_flux_numeric,13447.628069738197,1418562.313621601,10.00563742015651,1.0726093133481458,nan,1.0,303.0
229.7038470860337,56.44973076499018,12278.89655182817,,,False,,nan,inverse_logistic_from_flux_numeric,13447.628069738197,1418562.313621601,10.00563742015651,1.0726093133481458,nan,1.0,303.0
229.7362263411854,56.42756990932082,12269.456407416768,,,False,,nan,inverse_logistic_from_flux_numeric,13447.628069738197,1418562.313621601,10.00563742015651,1.0726093133481458,nan,1.0,303.0
229.74330272674092,56.42276970176527,12047.179697491694,,,False,,nan,inverse_logistic_from_flux_numeric,13447.628069738197,1418562.313621601,10.00563742015651,1.0726093133481458,nan,1.0,303.0
229.67107174626466,56.47315261410925,11887.287706019086,,,False,,nan,inverse_logistic_from_flux_numeric,13447.628069738197,1418562.313621601,10.00563742015651,1.0726093133481458,nan,1.0,303.0
229.74225575221772,56.423959086510166,12555.92565880355,,,False,,nan,inverse_logistic_from_flux_numeric,13447.628069738197,1418562.313621601,10.00563742015651,1.0726093133481458,nan,1.0,303.0
230.14886107699166,56.14028354613437,12736.094937217482,,,False,,nan,inverse_logistic_from_flux_numeric,13447.628069738197,1418562.313621601,10.00563742015651,1.0726093133481458,nan,1.0,303.0
229.74059874313772,56.42595834173369,12504.718017805522,,,False,,nan,inverse_logistic_from_flux_numeric,13447.628069738197,1418562.313621601,10.00563742015651,1.0726093133481458,nan,1.0,303.0
229.69249941135658,56.460658109070835,11872.444069119832,,,False,,nan,inverse_logistic_from_flux_numeric,13447.628069738197,1418562.313621601,10.00563742015651,1.0726093133481458,nan,1.0,303.0
229.81252388773154,56.37654352762912,23906.366425209573,14.889,0.786,False,,14.567377780659946,inverse_logistic_from_flux_numeric,13447.628069738197,1418562.313621601,10.00563742015651,1.0726093133481458,nan,1.0,303.0
229.29801894126155,56.73127823648608,11962.914915180929,,,False,,nan,inverse_logistic_from_flux_numeric,13447.628069738197,1418562.313621601,10.00563742015651,1.0726093133481458,nan,1.0,303.0
229.02204886687787,56.918351715934726,12445.002795510374,,,False,,nan,inverse_logistic_from_flux_numeric,13447.628069738197,1418562.313621601,10.00563742015651,1.0726093133481458,nan,1.0,303.0
229.2951010347297,56.73441541516144,11961.498546117631,,,False,,nan,inverse_logistic_from_flux_numeric,13447.628069738197,1418562.313621601,10.00563742015651,1.0726093133481458,nan,1.0,303.0
229.58189587425053,56.538696337312395,39544.54344297074,13.827,0.473,False,,13.704383638567215,inverse_logistic_from_flux_numeric,13447.628069738197,1418562.313621601,10.00563742015651,1.0726093133481458,nan,1.0,303.0
229.6862375276184,56.46916733293812,11804.46526899167,,,False,,nan,inverse_logistic_from_flux_numeric,13447.628069738197,1418562.313621601,10.00563742015651,1.0726093133481458,nan,1.0,303.0
229.9083839205887,56.31384704531798,19658.53536644908,15.417,0.617,False,,15.056066442296526,inverse_logistic_from_flux_numeric,13447.628069738197,1418562.313621601,10.00563742015651,1.0726093133481458,nan,1.0,303.0
229.4670656922742,56.620823860020984,11999.651366030634,,,False,,nan,inverse_logistic_from_flux_numeric,13447.628069738197,1418562.313621601,10.00563742015651,1.0726093133481458,nan,1.0,303.0
229.64406964008222,56.50212870061171,14005.351505099841,,,False,,17.306869266785135,inverse_logistic_from_flux_numeric,13447.628069738197,1418562.313621601,10.00563742015651,1.0726093133481458,nan,1.0,303.0
229.82170692707513,56.37925162842926,14488.18354075488,,,False,,16.725119169369698,inverse_logistic_from_flux_numeric,13447.628069738197,1418562.313621601,10.00563742015651,1.0726093133481458,nan,1.0,303.0
229.48092754435632,56.61508961508128,12119.798143174117,,,False,,nan,inverse_logistic_from_flux_numeric,13447.628069738197,1418562.313621601,10.00563742015651,1.0726093133481458,nan,1.0,303.0
229.84261947473118,56.365766941430415,11827.851671861592,,,False,,nan,inverse_logistic_from_flux_numeric,13447.628069738197,1418562.313621601,10.00563742015651,1.0726093133481458,nan,1.0,303.0
229.4131341597722,56.66177938331634,12120.0156579047,,,False,,nan,inverse_logistic_from_flux_numeric,13447.628069738197,1418562.313621601,10.00563742015651,1.0726093133481458,nan,1.0,303.0
229.459708314442,56.63054954157738,12642.87087883969,,,False,,nan,inverse_logistic_from_flux_numeric,13447.628069738197,1418562.313621601,10.00563742015651,1.0726093133481458,nan,1.0,303.0
229.80160337567352,56.39530978731261,15158.928802008188,nan,nan,False,,16.260852369054213,inverse_logistic_from_flux_numeric,13447.628069738197,1418562.313621601,10.00563742015651,1.0726093133481458,nan,1.0,303.0
229.42068727022922,56.6612482896791,13523.545817719398,,,False,,19.166405315812334,inverse_logistic_from_flux_numeric,13447.628069738197,1418562.313621601,10.00563742015651,1.0726093133481458,nan,1.0,303.0
228.99743390659026,56.94830865632591,12440.411792608953,,,False,,nan,inverse_logistic_from_flux_numeric,13447.628069738197,1418562.313621601,10.00563742015651,1.0726093133481458,nan,1.0,303.0
230.04845099447252,56.22832611255766,57292.964559821114,,,False,,13.208578587868338,inverse_logistic_from_flux_numeric,13447.628069738197,1418562.313621601,10.00563742015651,1.0726093133481458,nan,1.0,303.0
228.9155029674989,57.004296068919324,11994.676365646814,,,False,,nan,inverse_logistic_from_flux_numeric,13447.628069738197,1418562.313621601,10.00563742015651,1.0726093133481458,nan,1.0,303.0
229.7979731079729,56.404012990753145,81940.97345258748,,,True,Gaia DR3 1600744142400567296,12.775670918030652,inverse_logistic_from_flux_numeric,13447.628069738197,1418562.313621601,10.00563742015651,1.0726093133481458,nan,1.0,303.0
229.02378046815633,56.932267865131166,19099.765038952177,,,False,,15.144330307815224,inverse_logistic_from_flux_numeric,13447.628069738197,1418562.313621601,10.00563742015651,1.0726093133481458,nan,1.0,303.0
229.93934577454155,56.30755260276767,12588.229705552383,,,False,,nan,inverse_logistic_from_flux_numeric,13447.628069738197,1418562.313621601,10.00563742015651,1.0726093133481458,nan,1.0,303.0
229.73407022855,56.45082371295003,12415.069710009779,,,False,,nan,inverse_logistic_from_flux_numeric,13447.628069738197,1418562.313621601,10.00563742015651,1.0726093133481458,nan,1.0,303.0
229.7412513473704,56.44593871694198,12030.604795348983,,,False,,nan,inverse_logistic_from_flux_numeric,13447.628069738197,1418562.313621601,10.00563742015651,1.0726093133481458,nan,1.0,303.0
229.98118369349427,56.27812987819957,15313.485505524959,,,False,,16.18013603558699,inverse_logistic_from_flux_numeric,13447.628069738197,1418562.313621601,10.00563742015651,1.0726093133481458,nan,1.0,303.0
229.74029583406283,56.447143269546565,12474.358552701713,,,False,,nan,inverse_logistic_from_flux_numeric,13447.628069738197,1418562.313621601,10.00563742015651,1.0726093133481458,nan,1.0,303.0
230.16836751634423,56.14821135865374,11841.002883333887,,,False,,nan,inverse_logistic_from_flux_numeric,13447.628069738197,1418562.313621601,10.00563742015651,1.0726093133481458,nan,1.0,303.0
229.11057544602517,56.8762589073094,14664.109097768642,,,False,,16.579369069440055,inverse_logistic_from_flux_numeric,13447.628069738197,1418562.313621601,10.00563742015651,1.0726093133481458,nan,1.0,303.0
229.01229601515328,56.94289301591268,12383.630504534056,,,False,,nan,inverse_logistic_from_flux_numeric,13447.628069738197,1418562.313621601,10.00563742015651,1.0726093133481458,nan,1.0,303.0
229.01503225309156,56.94169603586862,12029.050250004333,,,False,,nan,inverse_logistic_from_flux_numeric,13447.628069738197,1418562.313621601,10.00563742015651,1.0726093133481458,nan,1.0,303.0
229.0193147632343,56.93790022587917,13438.874659446437,,,False,,nan,inverse_logistic_from_flux_numeric,13447.628069738197,1418562.313621601,10.00563742015651,1.0726093133481458,nan,1.0,303.0
229.73853676986505,56.44916210969311,12518.673546210182,,,False,,nan,inverse_logistic_from_flux_numeric,13447.628069738197,1418562.313621601,10.00563742015651,1.0726093133481458,nan,1.0,303.0
229.91466664763072,56.32686253746635,14134.528497586305,,,False,,17.112559827473433,inverse_logistic_from_flux_numeric,13447.628069738197,1418562.313621601,10.00563742015651,1.0726093133481458,nan,1.0,303.0
229.01862115815726,56.94004889335988,12147.972049131602,,,False,,nan,inverse_logistic_from_flux_numeric,13447.628069738197,1418562.313621601,10.00563742015651,1.0726093133481458,nan,1.0,303.0
229.01954864696754,56.93908123554521,11911.285532185848,,,False,,nan,inverse_logistic_from_flux_numeric,13447.628069738197,1418562.313621601,10.00563742015651,1.0726093133481458,nan,1.0,303.0
229.01751297721145,56.941161349022806,12015.170068972353,,,False,,nan,inverse_logistic_from_flux_numeric,13447.628069738197,1418562.313621601,10.00563742015651,1.0726093133481458,nan,1.0,303.0
229.08487161978644,56.89679687859826,12145.688686956379,,,False,,nan,inverse_logistic_from_flux_numeric,13447.628069738197,1418562.313621601,10.00563742015651,1.0726093133481458,nan,1.0,303.0
228.99689955409303,56.95495966020436,20369.402252283882,,,False,,14.954563106937815,inverse_logistic_from_flux_numeric,13447.628069738197,1418562.313621601,10.00563742015651,1.0726093133481458,nan,1.0,303.0
229.26939011718483,56.77361687543941,12463.62401112065,,,False,,nan,inverse_logistic_from_flux_numeric,13447.628069738197,1418562.313621601,10.00563742015651,1.0726093133481458,nan,1.0,303.0
229.81946093652914,56.39667971241389,12132.687866468419,,,False,,nan,inverse_logistic_from_flux_numeric,13447.628069738197,1418562.313621601,10.00563742015651,1.0726093133481458,nan,1.0,303.0
229.81823704129977,56.39762580484182,11770.63021192136,,,False,,nan,inverse_logistic_from_flux_numeric,13447.628069738197,1418562.313621601,10.00563742015651,1.0726093133481458,nan,1.0,303.0
229.510758035163,56.60922275167112,12484.666401722387,,,False,,nan,inverse_logistic_from_flux_numeric,13447.628069738197,1418562.313621601,10.00563742015651,1.0726093133481458,nan,1.0,303.0
229.58980572215438,56.55501786446237,12498.98948305985,,,False,,nan,inverse_logistic_from_flux_numeric,13447.628069738197,1418562.313621601,10.00563742015651,1.0726093133481458,nan,1.0,303.0
229.8153112389499,56.399091440633526,12154.942217057463,,,False,,nan,inverse_logistic_from_flux_numeric,13447.628069738197,1418562.313621601,10.00563742015651,1.0726093133481458,nan,1.0,303.0
229.887054913746,56.34937325191747,12577.727906813872,,,False,,nan,inverse_logistic_from_flux_numeric,13447.628069738197,1418562.313621601,10.00563742015651,1.0726093133481458,nan,1.0,303.0
229.91931264592532,56.32714700660847,12410.543666747482,,,False,,nan,inverse_logistic_from_flux_numeric,13447.628069738197,1418562.313621601,10.00563742015651,1.0726093133481458,nan,1.0,303.0
230.14944436449494,56.165344325678234,12713.2901021816,,,False,,nan,inverse_logistic_from_flux_numeric,13447.628069738197,1418562.313621601,10.00563742015651,1.0726093133481458,nan,1.0,303.0
230.17108945626202,56.150167332264544,12734.988695765483,,,False,,nan,inverse_logistic_from_flux_numeric,13447.628069738197,1418562.313621601,10.00563742015651,1.0726093133481458,nan,1.0,303.0
229.81645445151545,56.39876042952519,12483.966034116427,,,False,,nan,inverse_logistic_from_flux_numeric,13447.628069738197,1418562.313621601,10.00563742015651,1.0726093133481458,nan,1.0,303.0
